书籍详情链接,图片链接,图书中文名,图书别名,评分,评价数,概况,相关信息,作者,图书类别
https://book.douban.com/subject/1007305/,https://img1.doubanio.com/view/subject/s/public/s1070959.jpg,红楼梦, ,9.6,351668,都云作者痴，谁解其中味？,[清] 曹雪芹 著   人民文学出版社   1996-12   59.70元,曹雪芹,红楼梦 古典文学 曹雪芹 经典 古典名著 名著 四大名著 小说
https://book.douban.com/subject/4913064/,https://img9.doubanio.com/view/subject/s/public/s27279654.jpg,活着, ,9.4,635758,生的苦难与伟大,余华   作家出版社   2012-8-1   20.00元,余华,余华 人性 人生 活着 中国文学 社会 经典 小说
https://book.douban.com/subject/6082808/,https://img3.doubanio.com/view/subject/s/public/s27237850.jpg,百年孤独,Cien años de soledad,9.3,354443,魔幻现实主义文学代表作,[哥伦比亚] 加西亚·马尔克斯   范晔   南海出版公司   2011-6   39.50元,加西亚·马尔克斯,百年孤独 加西亚·马尔克斯 魔幻现实主义 经典 拉美文学 外国文学 小说 文学
https://book.douban.com/subject/4820710/,https://img1.doubanio.com/view/subject/s/public/s4371408.jpg,1984,Nineteen Eighty-Four,9.4,196211,栗树荫下，我出卖你，你出卖我,[英] 乔治·奥威尔   刘绍铭   北京十月文艺出版社   2010-4-1   28.00,乔治·奥威尔,反乌托邦 乔治·奥威尔 政治寓言 政治 1984 外国文学 小说 英国
https://book.douban.com/subject/1068920/,https://img1.doubanio.com/view/subject/s/public/s1078958.jpg,飘,Gone with the Wind,9.3,185135,革命时期的爱情，随风而逝,[美国] 玛格丽特·米切尔   李美华   译林出版社   2000-9   40.00元,玛格丽特·米切尔,飘 经典 外国文学 爱情 外国名著 小说 美国 名著
https://book.douban.com/subject/6518605/,https://img9.doubanio.com/view/subject/s/public/s28357056.jpg,三体全集,地球往事三部曲 ,9.4,112178,地球往事三部曲,刘慈欣   重庆出版社   2012-1-1   168.00元,刘慈欣,刘慈欣 科幻 中国科幻 三体 科幻小说 硬科幻 经典 小说
https://book.douban.com/subject/1019568/,https://img2.doubanio.com/view/subject/s/public/s1076932.jpg,三国演义（全二册）, ,9.3,142729,是非成败转头空,[明] 罗贯中   人民文学出版社   1998-05   39.50元,罗贯中,三国演义 古典文学 古典名著 罗贯中 小说 历史 名著 四大名著
https://book.douban.com/subject/3259440/,https://img2.doubanio.com/view/subject/s/public/s4610502.jpg,白夜行,白夜行,9.1,478579,暗夜独行的残破灵魂，爱与恶本就难分难舍,[日] 东野圭吾   刘姿君   南海出版公司   2008-9   29.80元,东野圭吾,东野圭吾 東野圭吾 推理 悬疑 日本 推理小说 人性 日本文学
https://book.douban.com/subject/1084336/,https://img2.doubanio.com/view/subject/s/public/s1103152.jpg,小王子,Le Petit Prince,9.0,660438,献给长成了大人的孩子们,[法] 圣埃克苏佩里   马振聘   人民文学出版社   2003-8   22.00元,圣埃克苏佩里,小王子 童话 经典 成长 圣埃克苏佩里 哲学 外国文学 法国
https://book.douban.com/subject/1040211/,https://img3.doubanio.com/view/subject/s/public/s1229240.jpg,福尔摩斯探案全集（上中下）, ,9.3,111376,名侦探的代名词,[英] 阿·柯南道尔   丁钟华 等   群众出版社   1981-8   53.00元 68.00元,阿·柯南道尔,福尔摩斯 推理 侦探 柯南道尔 侦探小说 经典 悬疑 小说
https://book.douban.com/subject/27614904/,https://img2.doubanio.com/view/subject/s/public/s29651121.jpg,房思琪的初恋乐园, ,9.2,276828,向死而生的文学绝唱,林奕含   北京联合出版公司   2018-2   45.00元,林奕含,女性 自我保护 林奕含 女性/性别 台湾文学 现代文学 小说 台湾
https://book.douban.com/subject/2035179/,https://img3.doubanio.com/view/subject/s/public/s2347590.jpg,动物农场,Animal Farm,9.3,121195,太阳底下并无新事,[英] 乔治·奥威尔   荣如德   上海译文出版社   2007-3   10.00元,乔治·奥威尔,乔治·奥威尔 政治寓言 反乌托邦 极权主义 小说 政治 外国文学 动物农场
https://book.douban.com/subject/1060068/,https://img3.doubanio.com/view/subject/s/public/s1066570.jpg,撒哈拉的故事, ,9.2,124732,游荡的自由灵魂,三毛   哈尔滨出版社   2003-8   15.80元,三毛,三毛 撒哈拉的故事 随笔 散文 游记 旅行 爱情 文学
https://book.douban.com/subject/1255625/,https://img9.doubanio.com/view/subject/s/public/s26018275.jpg,天龙八部, ,9.1,116755,有情皆孽，无人不冤,金庸   生活·读书·新知三联书店   1994-5   96.00元,金庸,金庸 武侠 武侠小说 天龙八部 经典 小说 中国文学 中国
https://book.douban.com/subject/1046209/,https://img2.doubanio.com/view/subject/s/public/s1034062.jpg,安徒生童话故事集, ,9.2,108113,为了争取未来的一代,（丹麦）安徒生   叶君健   人民文学出版社   1997-08   25.00元,安徒生,童话 安徒生 经典 儿童文学 外国文学 安徒生童话 安徒生童话故事集 名著
https://book.douban.com/subject/1200840/,https://img2.doubanio.com/view/subject/s/public/s1144911.jpg,平凡的世界（全三部）, ,9.0,285548,中国当代城乡生活全景,路遥   人民文学出版社   2005-1   64.00元,路遥,平凡的世界 路遥 人生 中国文学 经典 小说 文学 成长
https://book.douban.com/subject/1008145/,https://img2.doubanio.com/view/subject/s/public/s1070222.jpg,围城, ,8.9,409701,幽默的语言和对生活深刻的观察,钱锺书   人民文学出版社   1991-2   19.00,钱锺书,钱钟书 围城 中国文学 经典 小说 婚姻 现代文学 文学
https://book.douban.com/subject/10594787/,https://img2.doubanio.com/view/subject/s/public/s11284102.jpg,霍乱时期的爱情,El amor en los tiempos del cólera,9.0,227983,义无反顾地直达爱情的核心,[哥伦比亚] 加西亚·马尔克斯   杨玲   南海出版公司   2012-9-1   39.50元,加西亚·马尔克斯,霍乱时期的爱情 爱情 加西亚-马尔克斯 加西亚·马尔克斯 拉美文学 小说 外国文学 文学
https://book.douban.com/subject/4908885/,https://img9.doubanio.com/view/subject/s/public/s4468484.jpg,局外人,L'Etranger,9.0,178710,人生在世，永远也不该演戏作假,[法] 阿尔贝·加缪   柳鸣九   上海译文出版社   2010-8   22.00元,阿尔贝·加缪,加缪 存在主义 阿尔贝·加缪 局外人 小说 法国文学 哲学 法国
https://book.douban.com/subject/3674537/,https://img9.doubanio.com/view/subject/s/public/s3745215.jpg,明朝那些事儿（1-9）,,9.1,125409,不拘一格的历史书写,当年明月   中国海关出版社   2009-4   358.20元,当年明月,历史 明朝那些事儿 明朝 当年明月 中国历史 历史小说 中国文学 明史
https://book.douban.com/subject/1770782/,https://img3.doubanio.com/view/subject/s/public/s1727290.jpg,追风筝的人,The Kite Runner,8.9,717339,为你，千千万万遍,[美] 卡勒德·胡赛尼   李继宏   上海人民出版社   2006-5   29.00元,卡勒德·胡赛尼,追风筝的人 人性 救赎 阿富汗 成长 小说 外国文学 卡勒德·胡赛尼
https://book.douban.com/subject/1054685/,https://img1.doubanio.com/view/subject/s/public/s1447349.jpg,沉默的大多数,王小波杂文随笔全编 ,9.1,125095,沉默是沉默者的通行证,王小波   中国青年出版社   1997-10   27.00元,王小波,王小波 杂文 沉默的大多数 思想 随笔 中国文学 文学 中国
https://book.douban.com/subject/25985021/,https://img2.doubanio.com/view/subject/s/public/s27814883.jpg,人类简史,A brief history of humankind,9.1,163174,跟着人类一同走过十万年,[以色列] 尤瓦尔·赫拉利   林俊宏   中信出版社   2014-11   68.00元,尤瓦尔·赫拉利,历史 人类简史 人类学 人类 科普 哲学 思维 社会学
https://book.douban.com/subject/24531956/,https://img9.doubanio.com/view/subject/s/public/s29101586.jpg,哈利·波特,Harry Potter,9.7,58595,从9¾站台开始的旅程,J.K.罗琳 (J.K.Rowling)   苏农   人民文学出版社   2008-12-1   498.00元,J.K.罗琳,魔法 哈利波特 J.K.罗琳 奇幻 经典 HarryPotter 成长 英国
https://book.douban.com/subject/1858513/,https://img1.doubanio.com/view/subject/s/public/s2659208.jpg,月亮和六便士,The Moon and Sixpence,9.0,172028,有多少人会经历顿悟，就有更少的人甘愿自我放逐,[英] 毛姆   傅惟慈   上海译文出版社   2006-8   15.00元,毛姆,毛姆 月亮和六便士 小说 外国文学 英国 英国文学 毛姆：月亮和六便士 文学
https://book.douban.com/subject/1829226/,https://img9.doubanio.com/view/subject/s/public/s4007145.jpg,肖申克的救赎,Different Seasons,9.1,102531,豆瓣电影Top1原著,[美] 斯蒂芬·金   施寄青   人民文学出版社   2006-7   29.90元,斯蒂芬·金,肖申克的救赎 斯蒂芬·金 经典 小说 外国文学 希望 人性 美国
https://book.douban.com/subject/1085860/,https://img9.doubanio.com/view/subject/s/public/s3248016.jpg,基督山伯爵,Le Comte de Monte-Cristo,9.0,115828,一个报恩复仇的故事，以法国波旁王朝和七月王朝为背景,大仲马   周克希   上海译文出版社   1991-12-1   43.90元,大仲马,大仲马 基督山伯爵 复仇 外国文学 经典 小说 名著 法国
https://book.douban.com/subject/1336330/,https://img9.doubanio.com/view/subject/s/public/s1358984.jpg,冰与火之歌（卷一）,A Game of Thrones,9.3,36927,凛冬将至无比宏大的世界观,[美] 乔治·R. R. 马丁   谭光磊   重庆出版社   2005-5   68.00元,乔治·R.,冰与火之歌 奇幻 乔治·马丁 史诗 小说 西方奇幻 魔幻 外国文学
https://book.douban.com/subject/1002299/,https://img9.doubanio.com/view/subject/s/public/s2157335.jpg,笑傲江湖（全四册）, ,9.0,99010,欲练此功，必先自宫,金庸   生活·读书·新知三联书店   1994-5   76.80元,金庸,金庸 武侠 笑傲江湖 武侠小说 小说 经典 中国文学 中国
https://book.douban.com/subject/1449351/,https://img2.doubanio.com/view/subject/s/public/s4696893.jpg,呐喊, ,9.0,125430,新文学的第一声呐喊,鲁迅   人民文学出版社   1973年3月   0.36元,鲁迅,鲁迅 中国文学 呐喊 经典 杂文 小说 文学 中国
https://book.douban.com/subject/3211779/,https://img9.doubanio.com/view/subject/s/public/s3254244.jpg,嫌疑人X的献身,容疑者Xの献身,8.9,465982,数学好是一种极致的浪漫,[日] 东野圭吾   刘子倩   南海出版公司   2008-9   28.00,东野圭吾,东野圭吾 推理 推理小说 悬疑 日本 東野圭吾 日本文学 小说
https://book.douban.com/subject/1041482/,https://img9.doubanio.com/view/subject/s/public/s1800355.jpg,万历十五年, ,8.9,168885,见微知著，历史观的颠覆,[美] 黄仁宇   生活·读书·新知三联书店   1997-5   18.00元,黄仁宇,历史 黄仁宇 万历十五年 明朝 中国历史 明史 大历史 中国
https://book.douban.com/subject/6781808/,https://img2.doubanio.com/view/subject/s/public/s23128183.jpg,杀死一只知更鸟,To Kill a Mocking Bird,9.2,110048,有一种东西不能遵循从众原则，那就是——人的良心,[美] 哈珀·李   高红梅   译林出版社   2012-9   32.00元,哈珀·李,成长 杀死一只知更鸟 教育 经典 美国文学 小说 外国文学 正义
https://book.douban.com/subject/1827374/,https://img1.doubanio.com/view/subject/s/public/s1765799.jpg,东方快车谋杀案,Murder on the Orient Express,9.0,117083,谋杀诡计惊人，波洛的抉择耐人寻味,[英] 阿加莎·克里斯蒂   陈尧光   人民文学出版社   2006-5   18.00元,阿加莎·克里斯蒂,阿加莎·克里斯蒂 推理 推理小说 侦探推理 东方快车谋杀案 英国 侦探 悬疑
https://book.douban.com/subject/1003479/,https://img9.doubanio.com/view/subject/s/public/s1319205.jpg,中国历代政治得失, ,9.2,54611,一部简明的“中国政治制度史”,钱穆   生活·读书·新知三联书店   2001   12.00元,钱穆,历史 钱穆 政治 中国历史 中国历代政治得失 中国 经典 国学
https://book.douban.com/subject/1083428/,https://img2.doubanio.com/view/subject/s/public/s4250062.jpg,傲慢与偏见,Pride and Prejudice,8.9,209461,所有现代言情小说的母体,[英] 奥斯丁   张玲   人民文学出版社   1993-7   13.00元,奥斯丁,傲慢与偏见 爱情 奥斯丁 外国文学 经典 外国名著 英国 小说
https://book.douban.com/subject/26986954/,https://img9.doubanio.com/view/subject/s/public/s29376146.jpg,新名字的故事,Storia del nuovo cognome,9.1,62500,探索青年时代的激情、困惑、挣扎、背叛和失去,[意] 埃莱娜·费兰特   陈英   人民文学出版社   2017-4   59.00元,埃莱娜·费兰特,那不勒斯四部曲 女性 埃莱娜•费兰特 小说 意大利文学 意大利 外国文学 文学/小说
https://book.douban.com/subject/7060185/,https://img9.doubanio.com/view/subject/s/public/s32271204.jpg,江城,River Town,9.1,47517,外国人眼中的涪陵,[美] 彼得·海斯勒   李雪顺   上海译文出版社   2012-1   36.00元,彼得·海斯勒,纪实中国 纪实 何伟 中国 旅行 随笔 社会 社会学
https://book.douban.com/subject/5414391/,https://img1.doubanio.com/view/subject/s/public/s32271209.jpg,寻路中国,Country Driving: A Journey Through China from Farm to Factory,9.0,47782,《纽约客》驻北京记者驾车漫游中国大陆的经历,[美] 彼得·海斯勒   李雪顺   上海译文出版社   2011-1   33.00元,彼得·海斯勒,纪实中国 旅行 纪实 中国 何伟 寻路中国 社会学 社会
https://book.douban.com/subject/30172069/,https://img1.doubanio.com/view/subject/s/public/s29799269.jpg,失踪的孩子,Storia della bambina perduta,9.2,51926,我的整个生命，只是一场为了提升社会地位的低俗斗争,[意] 埃莱娜·费兰特   陈英   人民文学出版社   2018-7   62.00元,埃莱娜·费兰特,那不勒斯四部曲 女性 小说 外国文学 意大利文学 成长 埃莱娜•费兰特 意大利
https://book.douban.com/subject/1044547/,https://img9.doubanio.com/view/subject/s/public/s2157336.jpg,射雕英雄传（全四册）, ,9.0,73904,侠之大者，为国为民,金庸   生活·读书·新知三联书店   1999-04   47.00元,金庸,金庸 武侠 武侠小说 射雕英雄传 经典 小说 中国文学 中国
https://book.douban.com/subject/1089243/,https://img2.doubanio.com/view/subject/s/public/s1076372.jpg,黄金时代,时代三部曲 ,8.9,144451,我想爱，想吃，还想在一瞬间变成天上半明半暗的云,王小波   花城出版社   1999-3   19.00元,王小波,王小波 黄金时代 小说 中国文学 经典 文学 文革 当代
https://book.douban.com/subject/1043008/,https://img2.doubanio.com/view/subject/s/public/s1134341.jpg,格林童话全集,Kinder-und Hausmärchen,9.0,81652,一本有教育意义的书,[德国]格林兄弟   魏以新   人民文学出版社   1994-11   21.45元,格林兄弟,童话 格林童话 外国文学 童年 经典 格林兄弟 儿童文学 德国
https://book.douban.com/subject/3006581/,https://img3.doubanio.com/view/subject/s/public/s2962510.jpg,无人生还,And Then There Were None,8.9,121511,童谣杀人案,[英] 阿加莎・克里斯蒂   祁阿红   人民文学出版社   2008-3   19.00,阿加莎・克里斯蒂,阿加莎·克里斯蒂 推理 悬疑推理 英国 侦探推理 无人生还 小说 悬疑
https://book.douban.com/subject/2035162/,https://img2.doubanio.com/view/subject/s/public/s2347562.jpg,刀锋,The Razor's Edge,9.0,69156,一把刀的锋刃不容易越过；因此智者说得救之道是困难的,[英]毛姆   周煦良   上海译文出版社   2007-3   18.00元,毛姆,毛姆 小说 英国文学 外国文学 英国 刀锋 经典 文学
https://book.douban.com/subject/1254588/,https://img1.doubanio.com/view/subject/s/public/s2654869.jpg,城南旧事,,9.0,125648,长亭外，古道边，芳草碧连天,林海音 文   中国青年出版社   2003-7   16.00元,林海音,林海音 城南旧事 童年 中国文学 成长 儿童文学 小说 小时候
https://book.douban.com/subject/1795079/,https://img3.doubanio.com/view/subject/s/public/s1762210.jpg,乡土中国, ,9.2,57770,中国乡土社会传统文化和社会结构理论研究代表作,费孝通   上海人民出版社   2006-04-01   38.00,费孝通,社会学 费孝通 乡土中国 中国社会 社会学　中国农村 文化 中国 社会
https://book.douban.com/subject/20427187/,https://img1.doubanio.com/view/subject/s/public/s24514758.jpg,看见, ,8.8,306314,在这里看见中国,柴静   广西师范大学出版社   2013-1-1   39.80元,柴静,柴静 纪实 随笔 中国 看见 社会学 社会 传记
https://book.douban.com/subject/1209899/,https://img1.doubanio.com/view/subject/s/public/s1151479.jpg,我与地坛,,9.1,78130,这是你的罪孽与福祉,史铁生   春风文艺出版社   2002-5   25.00元,史铁生,史铁生 散文 我与地坛 人生 随笔 中国文学 中国当代文学 文学
https://book.douban.com/subject/1027191/,https://img9.doubanio.com/view/subject/s/public/s1768916.jpg,历史深处的忧虑,近距离看美国之一 ,9.0,40600,窥见美国社会的一扇窗,林达   生活·读书·新知三联书店   1997-5   19.00元,林达,美国 林达 政治 历史 文化 社会 民主 随笔
https://book.douban.com/subject/1255624/,https://img9.doubanio.com/view/subject/s/public/s26018916.jpg,神雕侠侣,神鵰俠侶,8.9,89878,至情至性，情大于武,金庸   有1996年11月北平第4次印本   生活·读书·新知三联书店   1994-5   76.80元,金庸,金庸 武侠 神雕侠侣 武侠小说 小说 经典 爱情 中国
https://book.douban.com/subject/10564071/,https://img9.doubanio.com/view/subject/s/public/s28111905.jpg,白鹿原,,9.2,74026,一轴关于我们民族灵魂的现实主义画卷,陈忠实   人民文学出版社   2012-9   39.00元,陈忠实,陈忠实 白鹿原 中国文学 经典 茅盾文学奖 小说 现当代文学 社会
https://book.douban.com/subject/1029791/,https://img2.doubanio.com/view/subject/s/public/s1074291.jpg,许三观卖血记, ,8.8,216316,以博大的温情描绘磨难中的人生,余华   南海出版公司   1998-9   16.80元,余华,余华 许三观卖血记 小说 人性 人生 中国文学 当代 文学
https://book.douban.com/subject/2143732/,https://img9.doubanio.com/view/subject/s/public/s2651394.jpg,灿烂千阳,A Thousand Splendid Suns,8.8,104580,唯有希望与爱可以驱散阴霾,[美] 卡勒德·胡赛尼   李继宏   上海人民出版社   2007-9   28.00元,卡勒德·胡赛尼,阿富汗 卡勒德·胡塞尼 女性 灿烂千阳 苦难 小说 外国文学 卡勒德·胡赛尼
https://book.douban.com/subject/1449352/,https://img2.doubanio.com/view/subject/s/public/s2875823.jpg,朝花夕拾, ,8.9,120334,在纷扰中寻出一点闲静,鲁迅   人民文学出版社   1972-4   0.25元,鲁迅,鲁迅 散文 朝花夕拾 中国文学 经典 现代文学 文学 中国
https://book.douban.com/subject/1029111/,https://img9.doubanio.com/view/subject/s/public/s1020454.jpg,哭泣的骆驼, ,8.9,51187,沙漠中寻常的生与死,三毛   哈尔滨出版社   2003-6   15.80元,三毛,三毛 哭泣的骆驼 散文 流浪 台湾 游记 沙漠 中国文学
https://book.douban.com/subject/1205054/,https://img9.doubanio.com/view/subject/s/public/s4521754.jpg,悲惨世界（上中下）,Les Misérables,9.0,56330,现实主义与浪漫主义的至高杰作,[法] 雨果   李丹   人民文学出版社   1992-6   66.00元,雨果,雨果 悲惨世界 外国文学 法国 经典 名著 小说 外国名著
https://book.douban.com/subject/1915958/,https://img1.doubanio.com/view/subject/s/public/s2364689.jpg,野草, ,9.4,31458,我以这一丛野草，在明与暗，生与死，过去与未来之际，献于友与仇，人与兽，爱者与不爱者之前作证,鲁迅   人民文学出版社   1973-3   0.20元,鲁迅,鲁迅 中国文学 散文 野草 散文诗 现代文学 文学 经典
https://book.douban.com/subject/1449348/,https://img9.doubanio.com/view/subject/s/public/s33500305.jpg,彷徨, ,9.1,46158,路漫漫其修远兮，吾将上下而求索,鲁迅   人民文学出版社   1973-3   0.37元,鲁迅,鲁迅 中国文学 小说 经典 彷徨 现代文学 文学 中国
https://book.douban.com/subject/1077847/,https://img9.doubanio.com/view/subject/s/public/s1953384.jpg,史记（全十册）, ,9.5,20554,史家之绝唱，无韵之离骚,司马迁   （索隐）司马贞，（正义）张守节   中华书局   1982-11   125.00,司马迁,历史 史记 司马迁 中国历史 经典 古籍 国学 中国文学
https://book.douban.com/subject/1007914/,https://img2.doubanio.com/view/subject/s/public/s1067911.jpg,窗边的小豆豆,窓ぎわのトットちゃん,8.7,182112,真正懂孩子的教育经,[日] 黑柳彻子 著   赵玉皎   南海出版公司   2003-1   20.00元,黑柳彻子,窗边的小豆豆 儿童文学 黑柳彻子 教育 日本 童年 日本文学 儿童
https://book.douban.com/subject/20440644/,https://img1.doubanio.com/view/subject/s/public/s24611679.jpg,文学回忆录,1989—1994 ,9.1,39085,木心留给世界的礼物,木心 口述   广西师范大学出版社   2013-1-10   98.00元,木心,木心 文学 文学回忆录 陈丹青 文学史 中国文学 文化 人文
https://book.douban.com/subject/6709783/,https://img9.doubanio.com/view/subject/s/public/s6807265.jpg,浪潮之巅, ,9.0,30234,了解IT领域的入门读物,吴军   电子工业出版社   2011-8   55.00元,吴军,互联网 IT 商业 计算机 浪潮之巅 历史 管理 投资
https://book.douban.com/subject/20424526/,https://img1.doubanio.com/view/subject/s/public/s24516687.jpg,邓小平时代,Deng Xiaoping and the Transformation of China,9.2,42515,个人命运背后的历史变局,[美] 傅高义   冯克利   生活·读书·新知三联书店   2013-1   88.00元,傅高义,邓小平 传记 历史 政治 傅高义 中国 人物传记 现当代史
https://book.douban.com/subject/1023045/,https://img2.doubanio.com/view/subject/s/public/s1015872.jpg,我们仨, ,8.7,274624,家庭生活回忆录,杨绛   生活·读书·新知三联书店   2003-7   18.80元,杨绛,杨绛 回忆录 我们仨 亲情 钱钟书 回忆 随笔 散文
https://book.douban.com/subject/1029553/,https://img9.doubanio.com/view/subject/s/public/s1627374.jpg,西游记（全二册）, ,8.9,70315,神魔皆有人情，精魅亦通世故,吴承恩   黄肃秋 注释   人民文学出版社   2004-8   47.20元,吴承恩,古典文学 西游记 古典名著 小说 四大名著 经典 中国文学 名著
https://book.douban.com/subject/1467022/,https://img9.doubanio.com/view/subject/s/public/s1486674.jpg,上帝掷骰子吗,量子物理史话 ,9.2,28851,量子物理史话,曹天元   辽宁教育出版社   2006-1   32.00元,曹天元,科普 量子物理 物理 量子力学 科学史 科学 物理学 哲学
https://book.douban.com/subject/6789605/,https://img9.doubanio.com/view/subject/s/public/s8968135.jpg,树上的男爵,The Baron in the Trees,9.1,37095,是不是真的只有先与人疏离，才能最终与他们在一起？,[意] 伊塔洛·卡尔维诺   吴正仪   译林出版社   2012-4-1   30.00元,伊塔洛·卡尔维诺,卡尔维诺 树上的男爵 意大利 伊塔洛·卡尔维诺 小说 外国文学 意大利文学 文学
https://book.douban.com/subject/1856494/,https://img2.doubanio.com/view/subject/s/public/s2059791.jpg,卡拉马佐夫兄弟,Бра́тья Карама́зовы,9.4,22721,错综复杂的社会、家庭矛盾和人性悲剧,[俄] 费奥多尔·陀思妥耶夫斯基   荣如德   上海译文出版社   2006-8   25.00元,费奥多尔·陀思妥耶夫斯基,陀思妥耶夫斯基 俄国文学 小说 卡拉马佐夫兄弟 俄罗斯 厚重的现实主义 外国文学 文学
https://book.douban.com/subject/5337248/,https://img9.doubanio.com/view/subject/s/public/s4526465.jpg,台北人, ,8.9,50591,白先勇短篇小说集,白先勇   广西师范大学出版社   2010-10   38.00元,白先勇,白先勇 台湾 台湾文学 短篇小说 小说 中国文学 现当代文学 文学
https://book.douban.com/subject/3071717/,https://img2.doubanio.com/view/subject/s/public/s4661043.jpg,爱你就像爱生命, ,8.8,99304,王小波与李银河的两地书,王小波   上海锦绣文章出版社   2008-5   18.00元,王小波,王小波 爱你就像爱生命 爱情 李银河 情书 书信集 中国文学 散文
https://book.douban.com/subject/1028409/,https://img3.doubanio.com/view/subject/s/public/s1463970.jpg,中国少年儿童百科全书（全四册）, ,9.4,12001, ,林崇德 主编   浙江教育出版社   1991-4   168.00元,林崇德,百科全书 科普 少年儿童百科全书 童年 儿时读物 经典 中国 百科
https://book.douban.com/subject/3162991/,https://img2.doubanio.com/view/subject/s/public/s3219163.jpg,艺术的故事,The Story of Art,9.6,20044,从最早的洞窟绘画到当今的实验艺术,[英] 贡布里希 (Sir E.H.Gombrich)   范景中   广西美术出版社   2008-04   280.00,贡布里希,艺术 艺术史 贡布里希 艺术的故事 美术学 文化 历史 经典
https://book.douban.com/subject/1883245/,https://img2.doubanio.com/view/subject/s/public/s1979223.jpg,诗经, ,9.4,22957,思无邪,孔丘 编订   北京出版社   2006-7   19.90元,孔丘,诗经 古典文学 诗歌 古典诗词 中国文学 古典 古籍 中国
https://book.douban.com/subject/1059258/,https://img2.doubanio.com/view/subject/s/public/s1045431.jpg,道德经, ,9.5,16022,中国历史上首部完整的哲学著作,黄元吉   陕西人民出版社   1996-10   4.50元,黄元吉,哲学 老子 道德经 道家 国学 经典 古典文学 中国
https://book.douban.com/subject/6388661/,https://img2.doubanio.com/view/subject/s/public/s6828981.jpg,这些人，那些事, ,8.8,61030,平淡叙述下的惊心动魄,吴念真   译林出版社   2011-9   28.00元,吴念真,吴念真 台湾 散文 随笔 台湾文学 文学 吳念真 港台文学
https://book.douban.com/subject/1058661/,https://img2.doubanio.com/view/subject/s/public/s1044902.jpg,飞鸟集, ,8.9,57969,一个淡泊清透的世界,[印] 罗宾德拉纳德·泰戈尔   徐翰林   哈尔滨出版社   2004-6   16.80元,罗宾德拉纳德·泰戈尔,泰戈尔 诗歌 飞鸟集 外国文学 诗集 经典 印度 诗
https://book.douban.com/subject/3406401/,https://img1.doubanio.com/view/subject/s/public/s6790238.jpg,悉达多, ,9.0,37406,在那最绝望的一刹那，他突然听到了生命之河永恒的声音……,[德] 赫尔曼·黑塞   杨玉功 译   上海人民出版社   2009-3   20.00,赫尔曼·黑塞,赫尔曼·黑塞 宗教 黑塞 小说 哲学 德国 佛教 外国文学
https://book.douban.com/subject/1203426/,https://img1.doubanio.com/view/subject/s/public/s9130587.jpg,人间词话, ,9.0,47472,以新眼光评旧文学,王国维   上海古籍出版社   1998-12-01   9.80元,王国维,王国维 人间词话 诗词 国学 文学 古文诗词 古典 经典
https://book.douban.com/subject/25829693/,https://img3.doubanio.com/view/subject/s/public/s29555070.jpg,永恒的终结,The End of Eternity,9.0,32802,关于时间旅行的终极奥秘和恢宏构想,[美] 艾萨克·阿西莫夫   崔正男   江苏凤凰文艺出版社   2014-9   32.00元,艾萨克·阿西莫夫,科幻 阿西莫夫 时间旅行 科幻小说 小说 艾萨克·阿西莫夫 美国 外国文学
https://book.douban.com/subject/1057244/,https://img1.doubanio.com/view/subject/s/public/s1595557.jpg,边城, ,8.7,202926,一切充满了善，然而到处是不凑巧,沈从文   北岳文艺出版社   2002-4   12.00元,沈从文,沈从文 乡土 边城 中国文学 小说 湘西 经典 文学
https://book.douban.com/subject/1092335/,https://img1.doubanio.com/view/subject/s/public/s2832939.jpg,教父,The Godfather,9.0,35874,“教父三部曲”电影原著,[美]马里奥·普佐   周汉林   译林出版社   1997-8   23.30元,马里奥·普佐,教父 黑帮 小说 经典 外国文学 马里奥·普佐 美国 美国文学
https://book.douban.com/subject/1258490/,https://img2.doubanio.com/view/subject/s/public/s1328663.jpg,基地,Foundation,9.2,14328, ,[美] 艾萨克·阿西莫夫   叶李华   天地出版社   2005-1   21.00元,艾萨克·阿西莫夫,科幻 阿西莫夫 基地系列 科幻小说 小说 经典 科幻经典 美国
https://book.douban.com/subject/1013267/,https://img1.doubanio.com/view/subject/s/public/s1008848.jpg,唐诗三百首, ,9.4,20243,熟读唐诗三百首，不会吟诗也会吟,蘅塘退士   中华书局   1998-1-1   0.65,蘅塘退士,唐诗三百首 诗歌 古典文学 诗词 唐诗 经典 中国 古典
https://book.douban.com/subject/1212893/,https://img3.doubanio.com/view/subject/s/public/s3134040.jpg,鹿鼎记（全五册）, ,8.8,50451,武侠的解构，流氓的狂欢,金庸   广州出版社 花城出版社   2008-3   108.00元,金庸,金庸 武侠 鹿鼎记 武侠小说 小说 经典 韦小宝 中国
https://book.douban.com/subject/26698660/,https://img9.doubanio.com/view/subject/s/public/s28668834.jpg,巨人的陨落,Fall of Giants,8.9,75986,五个家族，一场战争,[英] 肯·福莱特   于大卫   江苏凤凰文艺出版社   2016-5-1   129.80元,肯·福莱特,历史 小说 肯·福莱特 外国文学 好书，值得一读 经典 英国小说 英国
https://book.douban.com/subject/21371175/,https://img2.doubanio.com/view/subject/s/public/s25814002.jpg,罗杰疑案,The Murder of Roger Ackroyd,9.2,36638, ,[英] 阿加莎·克里斯蒂   常禾   新星出版社   2013-3   28.00元,阿加莎·克里斯蒂,阿加莎·克里斯蒂 推理 推理小说 悬疑 侦探小说 波洛 英国 小说
https://book.douban.com/subject/2070844/,https://img2.doubanio.com/view/subject/s/public/s2393243.jpg,梦里花落知多少, ,8.8,87764,哀而不伤,三毛   北京十月文艺出版社   2007-6   28.00元,三毛,三毛 梦里花落知多少 散文 这样一个神奇女子 随笔 台湾 中国文学 文学
https://book.douban.com/subject/2046909/,https://img9.doubanio.com/view/subject/s/public/s2364685.jpg,故事新编, ,9.4,26846,拾取古代传说，取一点因由，随意点染,鲁迅   人民文学出版社   1973-12-01   0.31 元,鲁迅,鲁迅 小说 中国文学 故事新编 经典 短篇小说 文学 现代文学
https://book.douban.com/subject/1011754/,https://img2.doubanio.com/view/subject/s/public/s1067491.jpg,海子的诗, ,8.9,39482, ,海子   人民文学出版社   1999-04   15.40,海子,海子 诗歌 海子的诗 现代诗歌 诗 文学 生命 中国
https://book.douban.com/subject/24257229/,https://img2.doubanio.com/view/subject/s/public/s27003191.jpg,鼠疫,La Peste,9.0,44599,用别样的监禁生活再现某种监禁生活，与用不存在的事表现真事同等合理,[法] 阿尔贝·加缪   刘方   上海译文出版社   2013-8   34.00元,阿尔贝·加缪,阿尔贝·加缪 加缪 存在主义 法国文学 小说 存在主义哲学 法国 外国文学
https://book.douban.com/subject/1863930/,https://img3.doubanio.com/view/subject/s/public/s1804710.jpg,看不见的城市,Le città invisibili,8.8,36580,每一座城市都只在想象中耸立，又在描述中坍圮,[意大利]伊塔洛·卡尔维诺   张宓   译林出版社   2006-8   16.00元,伊塔洛·卡尔维诺,卡尔维诺 看不见的城市 意大利 外国文学 小说 文学 意大利文学 城市
https://book.douban.com/subject/1034282/,https://img2.doubanio.com/view/subject/s/public/s1914861.jpg,时间简史,A Brief History of Time,8.8,54568,探索时间和空间的核心秘密,[英] 史蒂芬·霍金   许明贤   湖南科学技术出版社   2010-4   45.00元,史蒂芬·霍金,科普 史蒂芬·霍金 宇宙 时间简史 物理 科学 物理学 时间
https://book.douban.com/subject/2154960/,https://img1.doubanio.com/view/subject/s/public/s2611329.jpg,一个陌生女人的来信,Brief einer Unbekannten,8.7,125112,暗恋的极致,[奥] 斯蒂芬·茨威格   张玉书   上海译文出版社   2007-7   20.00元,斯蒂芬·茨威格,茨威格 一个陌生女人的来信 爱情 外国文学 小说 奥地利 经典 女性
https://book.douban.com/subject/1060852/,https://img3.doubanio.com/view/subject/s/public/s1167060.jpg,呼兰河传,,8.9,70842,萧红的童年往事,萧红   百花文艺出版社   2005-01   19.00,萧红,萧红 呼兰河传 中国文学 女性文学 小说 萧红的作品值得一读 现代文学 文学
https://book.douban.com/subject/26425831/,https://img2.doubanio.com/view/subject/s/public/s28332051.jpg,斯通纳,Stoner,8.8,46019,即使不能拥有完美的生活，所幸追求过完整的自我,[美] 约翰·威廉斯   杨向荣   上海人民出版社   2016-1   49.00元,约翰·威廉斯,人生 小说 约翰·威廉斯 美国文学 外国文学 文学 美国 理想
https://book.douban.com/subject/25862578/,https://img2.doubanio.com/view/subject/s/public/s27264181.jpg,解忧杂货店,ナミヤ雑貨店の奇蹟,8.5,698745,现代人内心流失的东西，这家杂货店能帮你找回,[日] 东野圭吾   李盈春   南海出版公司   2014-5   39.50元,东野圭吾,东野圭吾 治愈 温暖 小说 日本 日本文学 東野圭吾 推理
https://book.douban.com/subject/26576861/,https://img1.doubanio.com/view/subject/s/public/s28260907.jpg,最好的告别,Being Mortal: Medicine and What Matters in the End,9.0,36116,关于衰老与死亡，你必须知道的常识,[美] 阿图·葛文德（Atul Gawande）   王一方 主编   浙江人民出版社   2015-7-31   54.90元,阿图·葛文德（Atul,死亡 医学 社会学 伦理 社会 老龄化 养老 阿图·葛文德
https://book.douban.com/subject/2035171/,https://img1.doubanio.com/view/subject/s/public/s3983958.jpg,人生的枷锁,Of Human Bondage,9.0,25026,在混沌纷扰的生活漩流中，寻求人生的真谛,[英] 毛姆   张柏然   上海译文出版社   2007-3   32.00元,毛姆,毛姆 小说 外国文学 英国文学 英国 毛姆&lt;人生的枷锁&gt; 人生的枷锁 人生
https://book.douban.com/subject/26672693/,https://img3.doubanio.com/view/subject/s/public/s29071620.jpg,一个叫欧维的男人决定去死,En man som heter Ove,9.0,47691,这个发生在瑞典的故事，如生命庆典般绚丽斑斓,[瑞典] 弗雷德里克·巴克曼   宁蒙   四川文艺出版社   2015-12   35.00元,弗雷德里克·巴克曼,治愈 北欧文学 怪老头 小说 瑞典 好书，值得一读 外国文学 弗雷德里克·巴克曼
https://book.douban.com/subject/6880158/,https://img2.doubanio.com/view/subject/s/public/s6987353.jpg,陆犯焉识, ,8.8,50481,翻手为苍凉，覆手为繁华,严歌苓   作家出版社   2011-10   35.00元,严歌苓,严歌苓 小说 人性 中国文学 文革 中国现当代文学 爱情 历史
https://book.douban.com/subject/26362836/,https://img3.doubanio.com/view/subject/s/public/s28050760.jpg,献给阿尔吉侬的花束,Flowers for Algernon,9.1,39016,当声称能改造智能的科学实验选中心智障碍主角,[美] 丹尼尔·凯斯   陈澄和   广西师范大学出版社   2015-4   36.00元,丹尼尔·凯斯,人性 科幻 心理 科幻小说 小说 丹尼尔·凯斯 外国文学 心理学
https://book.douban.com/subject/4238362/,https://img1.doubanio.com/view/subject/s/public/s4243447.jpg,送你一颗子弹, ,8.6,134811,在这本书里，被“审视”的东西杂七杂八,刘瑜   上海三联书店   2010-1   25.00元,刘瑜,刘瑜 随笔 送你一颗子弹 杂七杂八 时评 文化 中国文学 中国
https://book.douban.com/subject/3995526/,https://img1.doubanio.com/view/subject/s/public/s3984108.jpg,目送, ,8.6,198623,不必追,龙应台   生活·读书·新知三联书店   2009-10   39.00元,龙应台,龙应台 散文 亲情 随笔 人生 台湾 目送 生活·读书·新知三联书店
https://book.douban.com/subject/6798611/,https://img2.doubanio.com/view/subject/s/public/s6974202.jpg,史蒂夫·乔布斯传,Steve Jobs: A Biography,8.7,54229,完美主义者的最高形态,[美] 沃尔特·艾萨克森   管延圻   中信出版社   2011-10-24   68.00元,沃尔特·艾萨克森,传记 史蒂夫·乔布斯 苹果 乔布斯 SteveJobs 人物传记 互联网 美国
https://book.douban.com/subject/33440205/,https://img9.doubanio.com/view/subject/s/public/s33492346.jpg,你当像鸟飞往你的山,Educated:A Memoir,8.7,124019,我来自一个极少有人能想象的家庭，教育给了我新世界,[美] 塔拉·韦斯特弗   任爱红   南海出版公司   2019-10   59.00元,塔拉·韦斯特弗,教育与女性 教育 励志 传记 女性 回忆录 文学 美国文学
https://book.douban.com/subject/4207781/,https://img9.doubanio.com/view/subject/s/public/s4124434.jpg,孩子你慢慢来, ,8.7,71596,我们现在怎样做母亲,龙应台   生活·读书·新知三联书店   2009-12-1   28.00元,龙应台,龙应台 散文 随笔 孩子 孩子你慢慢来 亲情 人生 教育
https://book.douban.com/subject/1119839/,https://img9.doubanio.com/view/subject/s/public/s2019056.jpg,王尔德童话,The tales of Oscar Wilde,9.1,19687,一颗纯美纯善、永难泯灭的童心,[英] 王尔德   王林   译林出版社   2003-6   6.00元,王尔德,王尔德 童话 王尔德童话 英国 外国文学 英国文学 儿童文学 经典
https://book.douban.com/subject/1080370/,https://img9.doubanio.com/view/subject/s/public/s1127135.jpg,情书,ラヴレター,8.6,97082,一场同名同姓的误会，两段可贵的爱情,[日] 岩井俊二   穆晓芳   天津人民出版社   2004-7   18.00元,岩井俊二,岩井俊二 情书 爱情 日本 日本文学 小说 青春 纯爱
https://book.douban.com/subject/3369793/,https://img1.doubanio.com/view/subject/s/public/s3993878.jpg,亲爱的安德烈, ,8.6,113616,弭平代沟，跨越文化阻隔,龙应台   人民文学出版社   2008-12   26.00,龙应台,龙应台 教育 亲爱的安德烈 随笔 成长 台湾 亲情 散文
https://book.douban.com/subject/27104959/,https://img2.doubanio.com/view/subject/s/public/s29535271.jpg,离开的，留下的,Storia di chi fugge e di chi resta,8.8,49595,探索中年的虚无、困惑、野心和近乎残暴的爱,[意] 埃莱娜·费兰特   陈英   人民文学出版社   2017-10   62.00元,埃莱娜·费兰特,那不勒斯四部曲 女性 埃莱娜·费兰特 意大利 小说 意大利文学 外国文学 文学
https://book.douban.com/subject/10522856/,https://img2.doubanio.com/view/subject/s/public/s8958901.jpg,冬牧场, ,9.0,24429,阿勒泰的精灵,李娟   新星出版社   2012-6   29.80元,李娟,李娟 散文 新疆 阿勒泰 自然 随笔 散文随笔 纪实
https://book.douban.com/subject/1985223/,https://img3.doubanio.com/view/subject/s/public/s4638950.jpg,倾城之恋, ,8.7,44927,“一对平凡的夫妻”之间的“一点真心”,张爱玲   北京十月文艺出版社   2006-12   29.80元,张爱玲,张爱玲 倾城之恋 小说 爱情 中国文学 经典 文学 现代文学
https://book.douban.com/subject/10471333/,https://img2.doubanio.com/view/subject/s/public/s9015481.jpg,叫魂,Soulstealers: The Chinese Sorcery Scare of 1768,9.0,23206,1768年中国妖术大恐慌,[美] 孔飞力   陈兼   生活·读书·新知三联书店 上海三联书店   2012-5   38.00元,孔飞力,历史 孔飞力 社会学 清代史 社会学和人类学 叫魂 海外汉学 生活·读书·新知三联书店
https://book.douban.com/subject/2160556/,https://img1.doubanio.com/view/subject/s/public/s2619779.jpg,十万个为什么, ,9.1,14541, ,少年儿童出版社   1962   30.00元,少年儿童出版社,科普 十万个为什么 小时候的书 童年 启蒙 儿童 中国 小时候
https://book.douban.com/subject/1017143/,https://img1.doubanio.com/view/subject/s/public/s1091698.jpg,不能承受的生命之轻,Nesnesitelná lehkost bytí,8.5,209328,隐喻式的哲学思考，人的悲欢离合的生命历程,[捷克] 米兰·昆德拉   许钧   上海译文出版社   2003-7   23.00元,米兰·昆德拉,米兰・昆德拉 不能承受的生命之轻 外国文学 哲学 小说 捷克 米兰·昆德拉 文学
https://book.douban.com/subject/1765512/,https://img9.doubanio.com/view/subject/s/public/s4133656.jpg,海的女儿,安徒生童话全集之一 ,9.1,16195, ,安徒生   叶君健   上海译文出版社   1978年6月   0.43,安徒生,童话 安徒生 海的女儿 丹麦 外国文学 经典 儿童文学 童年
https://book.douban.com/subject/1321017/,https://img1.doubanio.com/view/subject/s/public/s1520169.jpg,九州·缥缈录, ,8.8,29156,乱世的英雄史诗,江南   新世界出版社   2005-6   20.00元,江南,九州 江南 缥缈录 奇幻 小说 奇幻小说 中国 经典
https://book.douban.com/subject/1036490/,https://img2.doubanio.com/view/subject/s/public/s1099483.jpg,万水千山走遍, ,8.8,40285,从遥远的撒哈拉到敦煌戈壁,三毛   哈尔滨出版社   2003-08   13.80,三毛,三毛 万水千山走遍 旅行 散文 游记 随笔 流浪 台湾
https://book.douban.com/subject/3410718/,https://img2.doubanio.com/view/subject/s/public/s3893343.jpg,美的历程, ,9.2,22814,中国美学经典之作,李泽厚   生活·读书·新知三联书店   2009-1-1   43.00元,李泽厚,美学 李泽厚 艺术 哲学 美的历程 人文 中国 艺术史
https://book.douban.com/subject/2284311/,https://img3.doubanio.com/view/subject/s/public/s3042670.jpg,苏菲的世界,Sofies verden,8.8,47765,哲学启蒙书,[挪] 乔斯坦·贾德   萧宝森   作家出版社   2007-10   26.00元,乔斯坦·贾德,哲学 哲学启蒙书 苏菲的世界 乔斯坦•贾德 经典 外国文学 哲学入门 小说
https://book.douban.com/subject/5038409/,https://img9.doubanio.com/view/subject/s/public/s4444885.jpg,金色梦乡,ゴールデンスランバー,9.0,24059,伊坂幸太郎代表作,[日] 伊坂幸太郎   李彦桦   译林出版社   2010-9   35.00元,伊坂幸太郎,伊坂幸太郎 日本 推理 日本文学 小说 推理小说 悬疑 日系推理
https://book.douban.com/subject/5337254/,https://img3.doubanio.com/view/subject/s/public/s6240330.jpg,孽子, ,9.1,27903,写给那一群， 在最深最深的黑夜里， 独自彷徨街头， 无所依归的孩子们,白先勇   广西师范大学出版社   2010.10   46.00元,白先勇,白先勇 同性 台湾文学 小说 台湾 同志 中国文学 现当代文学
https://book.douban.com/subject/3261600/,https://img9.doubanio.com/view/subject/s/public/s4619775.jpg,人生的智慧, ,9.2,24369,对世俗、实用问题深刻而透彻的讨论,(德)叔本华   韦启昌   上海人民   2008-10-01   28.00元,叔本华,哲学 叔本华 人生的智慧 西方哲学 人生 思想 心理学 生活
https://book.douban.com/subject/1192090/,https://img9.doubanio.com/view/subject/s/public/s26040205.jpg,球状闪电, ,8.7,66829,量子之外，没有真相,刘慈欣   四川科学技术出版社   2005-6   22.00元,刘慈欣,刘慈欣 科幻 科幻小说 球状闪电 小说 中国 大刘 中国科幻
https://book.douban.com/subject/1088581/,https://img9.doubanio.com/view/subject/s/public/s2280094.jpg,浮生六记, ,8.8,59270,苟不记之笔墨，未免有辜彼苍之厚,（清）沈复   人民文学出版社   1999-1   5.70元,沈复,浮生六记 古典文学 沈复 随笔 散文 古典 文学 爱情
https://book.douban.com/subject/3026879/,https://img9.doubanio.com/view/subject/s/public/s2990934.jpg,爱的艺术, ,8.8,37081,谦恭地、勇敢地、真诚地和有纪律地爱他人,[美] 艾·弗洛姆   李健鸣   上海译文出版社   2008-4   15.00元,艾·弗洛姆,心理学 爱的艺术 弗洛姆 爱情 哲学 心理 情感 爱
https://book.douban.com/subject/1028842/,https://img9.doubanio.com/view/subject/s/public/s1785715.jpg,经济学原理（上下）, ,9.1,18889,经济学家们的世界观,[美] 曼昆   梁小民   机械工业出版社   2003-8   88.00元,曼昆,经济学 经济学原理 曼昆 经济学入门 经济 经典 教材 economics
https://book.douban.com/subject/1046492/,https://img9.doubanio.com/view/subject/s/public/s6795555.jpg,國史大綱（上下）, ,9.3,13802,钱穆中国通史,錢穆   商務印書館   2013-8   76.00元,錢穆,历史 钱穆 国史大纲 中国历史 国学 中国史 经典 中国
https://book.douban.com/subject/1426971/,https://img1.doubanio.com/view/subject/s/public/s1469589.jpg,野火集,,8.8,32859,中国人，你为什么不生气,龙应台   文汇出版社   2005-8   25.00元,龙应台,龙应台 杂文 台湾 社会 思想 野火集 民主 文化
https://book.douban.com/subject/1051193/,https://img2.doubanio.com/view/subject/s/public/s1137441.jpg,麦琪的礼物,欧·亨利短篇小说经典 ,8.6,67499,日常的奇迹,[美] 欧·亨利   张经浩   上海社会科学院出版社   2003-7   25.00元,欧·亨利,欧·亨利 外国文学 麦琪的礼物 小说 经典 美国 爱情 短篇小说
https://book.douban.com/subject/3813669/,https://img1.doubanio.com/view/subject/s/public/s4146437.jpg,民主的细节,美国当代政治观察随笔 ,8.6,72495,公民养成手册,刘瑜   上海三联书店   2009-6   25.00,刘瑜,刘瑜 民主 政治 美国 随笔 社会学 政治学 社会
https://book.douban.com/subject/1394364/,https://img3.doubanio.com/view/subject/s/public/s3696740.jpg,银河系漫游指南,The Hitchhiker's Guide to the Galaxy,8.8,19840,一场穿越银河的冒险,[英] 道格拉斯·亚当斯   徐百柯   四川科学技术出版社   2005-6   16.00元,道格拉斯·亚当斯,科幻 银河系漫游指南 道格拉斯・亚当斯 科幻小说 英国 幽默 小说 经典
https://book.douban.com/subject/1963684/,https://img1.doubanio.com/view/subject/s/public/s2838737.jpg,半生缘, ,8.6,76746,世钧，我们回不去了,张爱玲   北京十月文艺出版社   2006-12   28.00元,张爱玲,张爱玲 半生缘 爱情 小说 中国文学 女性 文学经典 文学
https://book.douban.com/subject/1014561/,https://img2.doubanio.com/view/subject/s/public/s1325863.jpg,古文观止, ,9.1,16535,收录自先秦至明末的散文二百二十二篇,吴楚材   中华书局   1987-1-1   21.00元,吴楚材,古典文学 古文观止 国学 古文 经典 文学 古籍 散文
https://book.douban.com/subject/1014825/,https://img9.doubanio.com/view/subject/s/public/s2170315.jpg,我也有一个梦想,近距离看美国之三 ,9.0,14388,在法治国家里，民众怎样运用法律,林达   生活·读书·新知三联书店   2004-08   25.00元,林达,美国 林达 政治 文化 历史 民主 社会 随笔
https://book.douban.com/subject/1088022/,https://img1.doubanio.com/view/subject/s/public/s9950828.jpg,亮剑, ,8.9,24944,面对强大的对手，明知不敌，也要毅然亮剑,都梁   解放军文艺出版社   2005-3   28.00元,都梁,小说 亮剑 战争 军事 都梁 历史 文革 李云龙
https://book.douban.com/subject/3183775/,https://img1.doubanio.com/view/subject/s/public/s3228699.jpg,四世同堂, ,9.3,26385,北平沦陷时代广大平民的悲惨遭遇,老舍   北京十月文艺出版社   2008-07   36.00元,老舍,老舍 中国文学 抗日战争 经典 小说 现代文学 名著 文学
https://book.douban.com/subject/4166819/,https://img1.doubanio.com/view/subject/s/public/s4293097.jpg,你好，旧时光（上 下）,玛丽苏病例报告,8.7,42703,原作名切题,八月长安   新世界出版社   2009-12   39.80元,八月长安,你好，旧时光 青春 小说 八月长安 成长 献给青春。 玛丽苏病例报告 文学
https://book.douban.com/subject/10560798/,https://img9.doubanio.com/view/subject/s/public/s9038826.jpg,面纱,The Painted Veil,8.7,56056,揭去生活的面纱,(英)W.萨默塞特·毛姆   阮景林   重庆   2012-05-01   32.00元,W.萨默塞特·毛姆,毛姆 英国文学 女性 萨默塞特·毛姆 爱情 人性 小说 英国
https://book.douban.com/subject/3151575/,https://img3.doubanio.com/view/subject/s/public/s3203360.jpg,激荡三十年,中国企业1978-2008（珍藏图文版） ,8.6,15074,中国企业1978—2008,吴晓波   中信出版社   2008-7-1   32.00元,吴晓波,经济 吴晓波 商业 历史 中国 激荡三十年 企业 国情
https://book.douban.com/subject/3608208/,https://img1.doubanio.com/view/subject/s/public/s3668327.jpg,牧羊少年奇幻之旅,O Alquimista,8.5,141907,你自己就是最大的宝藏,[巴西] 保罗·柯艾略   丁文林   南海出版公司   2009-3-1   25.00元,保罗·柯艾略,牧羊少年奇幻之旅 与心沟通 外国文学 保罗柯艾略 小说 成长 童话 巴西
https://book.douban.com/subject/1922216/,https://img2.doubanio.com/view/subject/s/public/s28330151.jpg,全球通史(上),从史前史到21世纪 ,9.2,14266, ,(美)斯塔夫里阿诺斯   吴象婴   北京大学出版社   2006-1-10   42.00,斯塔夫里阿诺斯,历史 全球通史 斯塔夫里阿诺斯 世界历史 文明 历史学 通史 世界史
https://book.douban.com/subject/1086249/,https://img9.doubanio.com/view/subject/s/public/s1073574.jpg,荆棘鸟,The Thorn Birds,8.6,48958,澳洲乱世情,[澳] 考琳·麦卡洛   曾胡   译林出版社   1998-7   28.00元,考琳·麦卡洛,荆棘鸟 外国文学 爱情 考琳・麦卡洛 澳大利亚 小说 经典 名著
https://book.douban.com/subject/25796120/,https://img1.doubanio.com/view/subject/s/public/s29746559.jpg,小径分岔的花园, ,8.9,27561,一个谜语，谜底正是时间,[阿根廷] 豪·路·博尔赫斯   王永年   上海译文出版社   2015-7   23.00,豪·路·博尔赫斯,博尔赫斯 拉美文学 小说 阿根廷 短篇小说 外国文学 阿根廷文学 文学
https://book.douban.com/subject/1818347/,https://img1.doubanio.com/view/subject/s/public/s1683067.jpg,尼罗河上的惨案,Death on the Nile,8.7,42047,阿加莎·克里斯蒂代表作,[英] 阿加莎·克里斯蒂   宫英海   人民文学出版社   2006-5   22.00元,阿加莎·克里斯蒂,阿加莎·克里斯蒂 推理 英国 侦探推理 小说 侦探 尼罗河上的惨案 侦探小说
https://book.douban.com/subject/1141406/,https://img9.doubanio.com/view/subject/s/public/s5924326.jpg,简爱（英文全本）,Jane Eyre,8.5,196722,灰姑娘在十九世纪,[英] 夏洛蒂·勃朗特   世界图书出版公司   2003-11   18.00元,夏洛蒂·勃朗特,简爱 外国文学 爱情 经典 小说 名著 外国名著 英国
https://book.douban.com/subject/26878124/,https://img1.doubanio.com/view/subject/s/public/s29164777.jpg,我的天才女友,L'amica geniale,8.6,78843,“那不勒斯四部曲”第一部，两个女人，50年的友谊和战争,[意] 埃莱娜·费兰特   陈英   人民文学出版社   2017-1   42.00元,埃莱娜·费兰特,那不勒斯四部曲 女性友谊 女性 埃莱娜·费兰特 小说 意大利文学 意大利 外国文学
https://book.douban.com/subject/1813841/,https://img2.doubanio.com/view/subject/s/public/s1738643.jpg,枪炮、病菌与钢铁,"Guns, Germs and Steel: The Fates of Human Societies",8.7,40845,人类社会的命运,[美] 贾雷德·戴蒙德   谢延光   上海世纪出版集团   2006-4-1   45.00元,贾雷德·戴蒙德,人类学 历史 社会学 社会文化史 社会 生物地理学 科普 杰拉德·戴蒙德
https://book.douban.com/subject/4884218/,https://img1.doubanio.com/view/subject/s/public/s6180859.jpg,我的阿勒泰,My Altay,8.8,22536,描写疆北阿勒泰地区生活和风情的原生态散文集,李娟   云南人民出版社   2010-7   22.00元,李娟,李娟 散文 新疆 阿勒泰 随笔 自然 中国文学 旅行
https://book.douban.com/subject/3518332/,https://img9.doubanio.com/view/subject/s/public/s3675595.jpg,绿毛水怪, ,9.0,19473,我们好象在池塘的水底，从一个月亮走向另一个月亮,王小波   时代文艺出版社   2009-1   30.00元,王小波,王小波 绿毛水怪 浪漫的灵魂 小说 中国文学 文学 爱情 中国
https://book.douban.com/subject/1020961/,https://img1.doubanio.com/view/subject/s/public/s26237958.jpg,棋王, ,8.8,28885,我从未真正见过火，也未见过毁灭，更不知新生,阿城   作家出版社   1999-10   13.00,阿城,阿城 小说 棋王 中国文学 当代文学 文革 文学 中国
https://book.douban.com/subject/25976544/,https://img1.doubanio.com/view/subject/s/public/s27598249.jpg,故事,Story,9.2,14414,材质、结构、风格和银幕剧作的原理,[美] 罗伯特·麦基   周铁东   天津人民出版社   2014-9-1   68.00元,罗伯特·麦基,写作 编剧 创作 电影 故事 文学 罗伯特∙麦基 电影理论
https://book.douban.com/subject/1070851/,https://img1.doubanio.com/view/subject/s/public/s1829709.jpg,倚天屠龙记(共四册), ,8.6,55007,不识张郎是张郎,金庸   三联书店   1999-04   47.00,金庸,金庸 武侠 倚天屠龙记 武侠小说 小说 经典 中国文学 中国
https://book.douban.com/subject/1062343/,https://img1.doubanio.com/view/subject/s/public/s1121598.jpg,昨日的世界,Die Welt von Gestern: Erinnerungen eines Europäers,9.2,12528,一个高贵而残破的昨日镜像,[奥] 斯蒂芬·茨威格   舒昌善   广西师范大学出版社   2004-5-1   32.00元,斯蒂芬·茨威格,茨威格 回忆录 历史 斯蒂芬・茨威格 传记 外国文学 欧洲 奥地利
https://book.douban.com/subject/1476651/,https://img2.doubanio.com/view/subject/s/public/s1670932.jpg,社会心理学,,9.0,22486,人们是如何思索、影响他人并与他人建立联系的,[美] 戴维·迈尔斯   张智勇   人民邮电出版社   2006-1   68.00元,戴维·迈尔斯,心理学 社会心理学 心理 社会学 社会心理 认识自己 专业书 psychology
https://book.douban.com/subject/2068249/,https://img1.doubanio.com/view/subject/s/public/s2391798.jpg,温柔的夜, ,9.1,19512,三毛在加纳利群岛的生活,三毛   北京十月文艺出版社   2007-5   28.00元,三毛,三毛 温柔的夜 散文 随笔 流浪 文学 台湾 中国文学
https://book.douban.com/subject/1008357/,https://img1.doubanio.com/view/subject/s/public/s1436519.jpg,水浒传（全二册）, ,8.6,66163,替天行道,[明] 施耐庵   人民文学出版社   1997-1   50.60元,施耐庵,古典文学 四大名著 水浒传 小说 古典名著 经典 中国 名著
https://book.douban.com/subject/3578470/,https://img9.doubanio.com/view/subject/s/public/s3979854.jpg,德米安,Demian: die geschichte von emil sinclairs jugend,9.0,24515,少年辛克莱寻找通向自身之路的艰辛历程,[德] 赫尔曼·黑塞   丁君君   上海人民出版社   2009-3   25.00元,赫尔曼·黑塞,赫尔曼·黑塞 黑塞 成长 小说 德国文学 自我 德国 哲学
https://book.douban.com/subject/3136271/,https://img1.doubanio.com/view/subject/s/public/s3435158.jpg,罗生门,羅生門,8.7,58497,人生，远比地狱更像地狱,[日] 芥川龙之介   林少华   上海译文出版社   2008-7   12.00元,芥川龙之介,芥川龙之介 日本文学 日本 罗生门 人性 短篇小说 小说 短篇
https://book.douban.com/subject/2136140/,https://img1.doubanio.com/view/subject/s/public/s2563279.jpg,雨季不再来, ,8.7,47993,三毛少女时代的成长感受,三毛   北京十月文艺出版社   2007-7   28.00元,三毛,三毛 雨季不再来 散文 成长 随笔 青春 台湾 中国文学
https://book.douban.com/subject/1088711/,https://img9.doubanio.com/view/subject/s/public/s24964086.jpg,霸王别姬, ,9.1,18079,人间，只是抹去了脂粉的脸,李碧华   人民文学出版社   1999-1   10.20元,李碧华,李碧华 霸王别姬 小说 中国文学 香港 爱情 文学 经典
https://book.douban.com/subject/1858568/,https://img9.doubanio.com/view/subject/s/public/s1790246.jpg,罪与罚,Преступление и наказание,9.2,22176,描绘人内心的全部深度,[俄] 陀思妥耶夫斯基   岳麟   上海译文出版社   2006-8   23.00元,陀思妥耶夫斯基,陀思妥耶夫斯基 俄罗斯文学 罪与罚 小说 俄罗斯 外国文学 经典 文学
https://book.douban.com/subject/1056315/,https://img9.doubanio.com/view/subject/s/public/s2170316.jpg,总统是靠不住的,近距离看美国之二 ,8.8,19095,美国政治法律制度的基本原理和操作细节,林达   生活·读书·新知三联书店   2004-08   21.80,林达,美国 林达 政治 民主 文化 历史 社会 随笔
https://book.douban.com/subject/1963912/,https://img2.doubanio.com/view/subject/s/public/s1993421.jpg,正见,Almost Buddhist/近乎佛教徒,8.8,16063,佛陀的证悟,宗萨蒋扬钦哲仁波切   姚仁喜   中国友谊出版公司   2007-1   25.00元,宗萨蒋扬钦哲仁波切,佛学 宗萨蒋扬钦哲仁波切 宗教 哲学 佛教 正见 思想 佛法
https://book.douban.com/subject/3633461/,https://img1.doubanio.com/view/subject/s/public/s6916838.jpg,一句顶一万句, ,8.7,49554,一句胜过千年,刘震云   长江文艺出版社   2009-3   29.80,刘震云,刘震云 小说 一句顶一万句 当代文学 中国文学 茅盾文学奖 中国当代小说 人生
https://book.douban.com/subject/3646172/,https://img9.doubanio.com/view/subject/s/public/s3814606.jpg,恶意,悪意,8.5,222369,将手记体叙事的无限可能发挥得淋漓尽致,[日] 东野圭吾   娄美莲   南海出版公司   2009-6   18.00,东野圭吾,东野圭吾 推理 日本 悬疑 推理小说 人性 東野圭吾 小说
https://book.douban.com/subject/1035848/,https://img1.doubanio.com/view/subject/s/public/s1070937.jpg,一千零一夜,The Arabian Nights: Tales of 1001 Nights,8.7,51615,阿拉伯地区的古代民间传说,纳训   人民文学出版社   2003-01   22.00,纳训,童话 一千零一夜 外国文学 经典 神话 外国名著 名著 儿童文学
https://book.douban.com/subject/3054821/,https://img1.doubanio.com/view/subject/s/public/s3099438.jpg,渴望生活,Lust for Life,9.2,10472,梵高悲惨而成就辉煌的人生,[美] 欧文·斯通   常涛   北京十月文艺出版社   2008-4   29.80元,欧文·斯通,传记 梵高 渴望生活——梵高传 人物传记 艺术 外国文学 欧文·斯通
https://book.douban.com/subject/1033825/,https://img2.doubanio.com/view/subject/s/public/s1024472.jpg,顾城的诗, ,8.8,22309,火焰是我们诗歌唯一的读者,顾城   人民文学出版社   1998-12   20.00,顾城,顾城 诗歌 顾城的诗 中国文学 诗 诗集 文学 中国
https://book.douban.com/subject/4187411/,https://img9.doubanio.com/view/subject/s/public/s4093514.jpg,万物有灵且美,All Things Bright and Beautiful,8.8,20453,活泼的生命完全无须借助魔法，便能对我们述说至美至真的故事,[英] 吉米·哈利   种衍伦   中国城市出版社   2010-1   28.80,吉米·哈利,吉米·哈利 动物 万物有灵且美 外国文学 英国 动物与人 英国文学 小说
https://book.douban.com/subject/1036613/,https://img3.doubanio.com/view/subject/s/public/s33516550.jpg,茶馆, ,9.0,21784,清末、民初、抗战胜利以后三个历史时期的北京生活风貌,老舍   人民文学出版社   2002-1   9.80元,老舍,老舍 戏剧 中国文学 话剧 经典 茶馆 中国 现代文学
https://book.douban.com/subject/1085883/,https://img2.doubanio.com/view/subject/s/public/s1072541.jpg,青铜时代,时代三部曲 ,8.7,23518,唐人传奇贯注现代情趣,王小波   花城出版社   1997-5   29.00元,王小波,王小波 青铜时代 小说 中国文学 文学 经典 当代 中国
https://book.douban.com/subject/24754316/,https://img9.doubanio.com/view/subject/s/public/s26720726.jpg,最好的我们,流水混账,8.7,64509,耿耿余淮,八月长安   湖南文艺出版社   2013-8-5   55,八月长安,八月长安 青春 最好的我们 成长 校园 献给青春 小说 献给青春。
https://book.douban.com/subject/1941558/,https://img2.doubanio.com/view/subject/s/public/s2165932.jpg,设计中的设计,DESIGNING DESIGN,8.6,32056,日常生活的无限可能性,[日] 原研哉   朱锷   山东人民出版社   2006-11   48.00元,原研哉,设计 原研哉 日本 设计中的设计 艺术 设计与文化 设计理论 Design
https://book.douban.com/subject/1004821/,https://img9.doubanio.com/view/subject/s/public/s1068535.jpg,理想国,Πολιτεία,8.8,28241,人类历史上最早的乌托邦,[古希腊] 柏拉图   郭斌和   商务印书馆   1986-8   28.00元,柏拉图,哲学 柏拉图 理想国 西方哲学 古希腊 经典 政治哲学 政治学
https://book.douban.com/subject/1013416/,https://img1.doubanio.com/view/subject/s/public/s23579217.jpg,雷雨, ,8.6,69049,一幕人生大悲剧，在一个雷雨夜爆发,曹禺   人民文学出版社   1999-05   9.20,曹禺,曹禺 戏剧 中国文学 话剧 雷雨 经典 文学 中国
https://book.douban.com/subject/4881850/,https://img3.doubanio.com/view/subject/s/public/s6185540.jpg,阿勒泰的角落, ,9.1,15590,白雪和阳光，青草和白桦林,李娟   万卷出版公司   2010-6   25.00元,李娟,李娟 散文 新疆 阿勒泰 随笔 生活 中国文学 旅行
https://book.douban.com/subject/2326403/,https://img2.doubanio.com/view/subject/s/public/s28274132.jpg,认识电影,,8.9,16293,电影入门经典之作,[美] 路易斯·贾内梯   焦雄屏   世界图书出版公司   2007-11   68.00元,路易斯·贾内梯,电影 电影理论 认识电影（插图第11版） 电影分析 艺术 认识电影 经典 焦雄屏
https://book.douban.com/subject/6397275/,https://img2.doubanio.com/view/subject/s/public/s6343233.jpg,此生未完成,一个母亲、妻子、女儿的生命日记 ,8.9,19665,一个母亲、妻子、女儿的生命日记,于娟   湖南科技出版社   2011-5   26.00元,于娟,生命 于娟 随笔 日记 人生 为了爱 传记 中国文学
https://book.douban.com/subject/20428302/,https://img1.doubanio.com/view/subject/s/public/s27217828.jpg,失明症漫记,Ensaio sobre a Cegueira,9.1,19047,失明症迅速蔓延，整个城市陷入一场空前的灾难,[葡] 若泽·萨拉马戈   范维信   南海出版公司   2014-2   29.50,若泽·萨拉马戈,人性 小说 诺贝尔文学奖 若泽·萨拉马戈 萨拉马戈 外国文学 葡萄牙文学 葡萄牙
https://book.douban.com/subject/6021440/,https://img9.doubanio.com/view/subject/s/public/s4669554.jpg,黑客与画家,Hackers and Painters: Big Ideas from the Computer Age,8.7,20902,硅谷创业之父Paul Graham文集,[美] Paul Graham   阮一峰   人民邮电出版社   2011-4   49.00元,Paul Graham,计算机 互联网 黑客 创业 编程 思维 软件开发 阮一峰
https://book.douban.com/subject/1859140/,https://img9.doubanio.com/view/subject/s/public/s1950424.jpg,上学记, ,8.9,13151,20世纪中国知识分子的心灵史,何兆武 口述   生活·读书·新知三联书店   2006-8   19.80元,何兆武,回忆录 何兆武 西南联大 上学记 历史 传记 随笔 人生
https://book.douban.com/subject/24382569/,https://img1.doubanio.com/view/subject/s/public/s26546959.jpg,一桩事先张扬的凶杀案,Crónica de una muerte anunciada,8.7,32345,我如此急切地想要讲述这桩案件，也许是它最终确定了我的作家生涯,[哥伦比亚] 加西亚·马尔克斯   魏然   南海出版公司   2013-6   25.00元,加西亚·马尔克斯,加西亚·马尔克斯 小说 拉美文学 马尔克斯 外国文学 魔幻现实主义 推理 哥伦比亚
https://book.douban.com/subject/2159042/,https://img1.doubanio.com/view/subject/s/public/s27312538.jpg,挪威的森林,ノルウェイの森,8.5,117535,像喜欢春天的熊一样,[日] 村上春树   林少华   上海译文出版社   2007-7   23.00元,村上春树,村上春树 日本文学 挪威的森林 日本 青春 小说 爱情 孤独
https://book.douban.com/subject/1675478/,https://img2.doubanio.com/view/subject/s/public/s1681072.jpg,天朝的崩溃,鸦片战争再研究 ,9.1,12766,鸦片战争再研究,茅海建   生活·读书·新知三联书店   2005-7   32.00元,茅海建,历史 鸦片战争 中国近代史 近代史 茅海建 中国历史 天朝的崩溃 晚清
https://book.douban.com/subject/1004992/,https://img9.doubanio.com/view/subject/s/public/s1662165.jpg,张爱玲文集, ,8.9,14361, ,张爱玲   安徽文艺出版社   1992年   45元,张爱玲,张爱玲 张爱玲文集 小说 中国文学 经典 文学 现代文学 散文
https://book.douban.com/subject/4842446/,https://img1.doubanio.com/view/subject/s/public/s4494379.jpg,巨流河, ,8.7,28142,两代人从巨流河到哑口海的故事,齐邦媛   生活·读书·新知三联书店   2010-10   39.00元,齐邦媛,齐邦媛 回忆录 台湾 纪实文学 历史 传记 巨流河 三联书店
https://book.douban.com/subject/3017857/,https://img9.doubanio.com/view/subject/s/public/s2976745.jpg,金锁记, ,8.6,55739,一个小商人家庭出身的女子曹七巧的心灵变迁历程,张爱玲   哈尔滨出版社   2005-6   13.5元,张爱玲,张爱玲 金锁记 小说 中国文学 女性 爱情 经典 張愛玲
https://book.douban.com/subject/1052990/,https://img3.doubanio.com/view/subject/s/public/s2652540.jpg,草房子, ,9.0,35647,男孩桑桑刻骨铭心、终身难忘的六年小学生活,曹文轩   江苏少年儿童出版社   2009-6   18.00元,曹文轩,曹文轩 儿童文学 童年 草房子 成长 小说 中国文学 浪漫主义小说
https://book.douban.com/subject/1064275/,https://img2.doubanio.com/view/subject/s/public/s1050021.jpg,老人与海,The Old Man and the Sea,8.4,173932,正是悲壮赋予生活以意义,海明威   吴劳   上海译文出版社   1999-10   8.20元,海明威,海明威 老人与海 外国文学 经典 励志 小说 名著 美国
https://book.douban.com/subject/1292416/,https://img1.doubanio.com/view/subject/s/public/s1556748.jpg,香水,Das Parfum. Die Geschichte eines Mörders,8.5,37867,每一次谋杀只因迷恋她们身上的味道,[德] 帕·聚斯金德   李清华   上海译文出版社   2005-5   20.00元,帕·聚斯金德,香水 小说 德国 悬疑 外国文学 聚斯金德 谋杀 经典
https://book.douban.com/subject/1786387/,https://img9.doubanio.com/view/subject/s/public/s1657785.jpg,影响力,Influence: The Psychology of Persuasion,8.6,45665,营销防骗指南,[美] 罗伯特·西奥迪尼   陈叙   中国人民大学出版社   2006-5   45.00元,罗伯特·西奥迪尼,心理学 影响力 营销 社会心理 管理 营销心理 心理 商业
https://book.douban.com/subject/1964774/,https://img9.doubanio.com/view/subject/s/public/s5804746.jpg,论语, ,9.1,18304,仁远乎哉？我欲仁，斯仁至矣,中华书局   2006-12   9.80元,中华书局,国学 孔子 论语 哲学 经典 古典文学 思想 中国文学
https://book.douban.com/subject/25836270/,https://img1.doubanio.com/view/subject/s/public/s33797467.jpg,厌女,女ぎらい,9.0,23425, ,(日) 上野千鹤子   王兰   上海三联书店   2015-1   28.00,上野千鹤子,女性主义 女性研究 社会学 女权主义 女性 上野千鹤子 日本 心理学
https://book.douban.com/subject/1253310/,https://img3.doubanio.com/view/subject/s/public/s1201610.jpg,人间草木, ,9.1,23072,我就是要这样香，香得痛痛快快,汪曾祺   江苏文艺出版社   2005-01   20.00元,汪曾祺,汪曾祺 散文 人间草木 散文随笔 随笔 中国文学 闲淡 文学
https://book.douban.com/subject/1102715/,https://img3.doubanio.com/view/subject/s/public/s2516920.jpg,从一到无穷大,One Two Three... Infinity,9.1,12056,科学中的事实和臆测,[美] G. 伽莫夫   暴永宁 译   科学出版社   2002-11   29.00元,G.伽莫夫,科普 数学 科学 自然科学 从一到无穷大 物理 伽莫夫 经典
https://book.douban.com/subject/1291809/,https://img1.doubanio.com/view/subject/s/public/s1801057.jpg,世界尽头与冷酷仙境,世界の終りとハードボイルド・ワンダーランド,8.6,40915,交叉平行蒙太奇,[日] 村上春树   林少华   上海译文出版社   2002-12   23.00元,村上春树,村上春树 世界尽头与冷酷仙境 日本文学 小说 日本 村上春樹 文学 外国文学
https://book.douban.com/subject/1036274/,https://img1.doubanio.com/view/subject/s/public/s1120437.jpg,夏洛的网,Charlotte's Web,8.6,60549,一个蜘蛛和小猪的故事，写给孩子，也写给大人,[美] E.B.怀特   任溶溶   上海译文出版社   2004-5   17.00元,E.B.怀特,童话 夏洛的网 儿童文学 E・B・怀特 外国文学 童心 美国 小说
https://book.douban.com/subject/1083762/,https://img9.doubanio.com/view/subject/s/public/s1134166.jpg,人类的群星闪耀时,Sternstunden der Menschheit: Vierzehn historische Miniaturen,8.7,26612,十四个影响人类文明的瞬间,[奥] 斯蒂芬·茨威格   舒昌善   广西师范大学出版社   2004-8   18.00元,斯蒂芬·茨威格,茨威格 历史 传记 人物传记 外国文学 奥地利 文学 人物
https://book.douban.com/subject/27002046/,https://img9.doubanio.com/view/subject/s/public/s29477615.jpg,美丽新世界,"BRAVE NEW WORLD,  BRAVE NEW WORLD REVISITED",9.1,28866, ,[英] 赫胥黎   陈超   上海译文出版社   2017-6   45.00元,赫胥黎,反乌托邦 奥尔德斯·赫胥黎 社会 赫胥黎 小说 英国文学 外国文学 经典
https://book.douban.com/subject/1021273/,https://img9.doubanio.com/view/subject/s/public/s1069364.jpg,中国哲学简史,A Short History of Chinese Philosophy,8.9,17582,中国哲学入门书,冯友兰   赵复三   新世界出版社   2004-1   38.00元,冯友兰,哲学 冯友兰 中国哲学 中国哲学简史 哲学史 中国 思想 经典
https://book.douban.com/subject/2297697/,https://img1.doubanio.com/view/subject/s/public/s2756239.jpg,ZOO, ,8.6,42083,噩梦中的一丝温度,[日] 乙一   李颖秋   当代世界出版社   2007-10   20.00元,乙一,乙一 日本 推理 恐怖 小说 日本文学 短篇集 ZOO
https://book.douban.com/subject/25884880/,https://img2.doubanio.com/view/subject/s/public/s28313152.jpg,我不知道该说什么，关于死亡还是爱情,Voices from Chernobyl,9.1,17087,真实记录切尔诺贝利核灾难事件,[白俄] S·A·阿列克谢耶维奇   方祖芳   花城出版社   2014-6-15   34.80元,S·A·阿列克谢耶维奇,切尔诺贝利 纪实文学 纪实 诺贝尔文学奖 S.A.阿列克谢耶维奇 外国文学 阿列克谢耶维奇 白俄罗斯
https://book.douban.com/subject/2008284/,https://img2.doubanio.com/view/subject/s/public/s3922462.jpg,佐贺的超级阿嬷, ,8.7,21861,乐观的外婆却总有神奇的办法,[日] 岛田洋七   陈宝莲   南海出版公司   2007-3   20.00元,岛田洋七,佐贺的超级阿嬷 日本 日本文学 励志 笑对人生！ 生活 岛田洋七 爱
https://book.douban.com/subject/1762869/,https://img2.doubanio.com/view/subject/s/public/s1670411.jpg,如彗星划过夜空,近距离看美国之四 ,8.9,10563, ,林达   生活·读书·新知三联书店   2006-3   21.00元,林达,林达 美国 政治 历史 民主 文化 社会 随笔
https://book.douban.com/subject/3311253/,https://img9.doubanio.com/view/subject/s/public/s3380714.jpg,额尔古纳河右岸, ,9.0,18393,东北少数民族鄂温克人生存现状及百年沧桑,迟子建   北京十月文艺出版社   2005-12-1   29.00元,迟子建,迟子建 茅盾文学奖 鄂温克 额尔古纳河右岸 民族 小说 中国文学 当代文学
https://book.douban.com/subject/1422833/,https://img1.doubanio.com/view/subject/s/public/s1641357.jpg,多情剑客无情剑(上、中、下), ,8.7,20413,流水滔滔斩不断，情丝百结冲不破,古龙   海天出版社   1991-12-01   49.8,古龙,古龙 武侠 小李飞刀 武侠小说 小说 多情剑客无情剑 李寻欢 中国
https://book.douban.com/subject/3391248/,https://img3.doubanio.com/view/subject/s/public/s3511590.jpg,金阁寺,金閣寺,8.7,27948,他的犯罪动机是对美的嫉妒,[日] 三岛由纪夫   唐月梅   上海译文出版社   2009-1   24.00,三岛由纪夫,三岛由纪夫 日本文学 日本 小说 金阁寺 三島由紀夫 文学 美学
https://book.douban.com/subject/26357614/,https://img2.doubanio.com/view/subject/s/public/s28061231.jpg,海风中失落的血色馈赠,The Lost Salt Gift of Blood,9.0,14962,男女之间、父母与子女之间紧密的纽带和难以逾越的鸿沟,[加拿大] 阿利斯泰尔·麦克劳德   陈以侃   上海文艺出版社   2015-6-1   CNY 20.00,阿利斯泰尔·麦克劳德,阿利斯泰尔·麦克劳德 短篇小说 外国文学 加拿大文学 加拿大 小说 短经典 文学
https://book.douban.com/subject/1006197/,https://img1.doubanio.com/view/subject/s/public/s27009357.jpg,哈姆莱特,Hamlet,8.6,41152,生存还是毁灭，这是一个值得思考的问题,[英] 莎士比亚   朱生豪   人民文学出版社   2001-1   7.00元,莎士比亚,莎士比亚 戏剧 哈姆莱特 外国文学 经典 英国 悲剧 名著
https://book.douban.com/subject/30142261/,https://img3.doubanio.com/view/subject/s/public/s29738720.jpg,长日将尽,The Remains of the Day,8.9,20177, ,[英] 石黑一雄   冯涛   上海译文出版社   2018-5   48.00元,石黑一雄,石黑一雄 诺贝尔奖 小说 英国文学 日本 英国 外国文学 长篇小说
https://book.douban.com/subject/1043815/,https://img3.doubanio.com/view/subject/s/public/s1146040.jpg,骆驼祥子, ,8.4,176569,旧中国老北京贫苦市民的典型命运,老舍   人民文学出版社   2000-3-1   12.00,老舍,老舍 骆驼祥子 中国文学 社会 经典 小说 名著 人生
https://book.douban.com/subject/22714154/,https://img1.doubanio.com/view/subject/s/public/s26037307.jpg,繁花, ,8.7,27202,海上繁花，请静观静读,金宇澄   上海文艺出版社   2013-3   48.00元,金宇澄,上海 金宇澄 小说 繁花 中国当代文学 中国文学 茅盾文学奖 文学
https://book.douban.com/subject/26295448/,https://img9.doubanio.com/view/subject/s/public/s28033064.jpg,你一生的故事,Stories of Your Life and Others,8.7,28317,特德·姜科幻小说集,[美] 特德·姜   李克勤   译林出版社   2015-5   36.00元,特德·姜,科幻 科幻小说 特德·姜 小说 美国 哲学 外国文学 美国文学
https://book.douban.com/subject/26586492/,https://img1.doubanio.com/view/subject/s/public/s28284337.jpg,火星救援,The Martian,8.9,15435,跟火星来一场不是你死就是我活的过家家游戏,[美] 安迪·威尔   陈灼   译林出版社   2015-10   38.00,安迪·威尔,科幻 科幻小说 小说 美国 火星救援 外星求生 安迪·威尔 外国文学
https://book.douban.com/subject/1277981/,https://img9.doubanio.com/view/subject/s/public/s1314606.jpg,社会契约论,Du Contrat Social,8.8,16539,一个国家只能有一个契约,卢梭   何兆武   商务印书馆   2003-2-1   18.00元,卢梭,卢梭 政治学 哲学 社会学 政治哲学 政治 经典 法国
https://book.douban.com/subject/1085470/,https://img9.doubanio.com/view/subject/s/public/s1817666.jpg,海底两万里, ,8.5,93539,你听说过鹦鹉螺号吗？,[法国] 儒尔·凡尔纳   沈国华   译林出版社   2002-9   19.50元,儒尔·凡尔纳,科幻 海底两万里 科幻小说 凡尔纳 儒勒·凡尔纳 外国文学 小说 法国
https://book.douban.com/subject/3607117/,https://img1.doubanio.com/view/subject/s/public/s3667048.jpg,稻草人手记, ,8.9,17732,三毛在加纳利群岛上的生活,三毛   北京十月文艺出版社   2009-3   18.00元,三毛,三毛 散文 稻草人手记 随笔 台湾 中国文学 散文杂文随笔 文学
https://book.douban.com/subject/26963321/,https://img2.doubanio.com/view/subject/s/public/s29425921.jpg,步履不停,歩いても、歩いても,8.7,33347,人生路上，步履不停，总有那么一点来不及,[日] 是枝裕和   郑有杰   北京联合出版公司   2017-5   36.80元,是枝裕和,是枝裕和 日本文学 日本 步履不停 小说 文学 好书，值得一读 我想读这本书
https://book.douban.com/subject/3131626/,https://img1.doubanio.com/view/subject/s/public/s3286369.jpg,荒原狼, ,9.0,15586,“超现实主义”风格作品，德国的《尤利西斯》,[德]赫尔曼·黑塞   赵登荣   上海译文出版社   2008-7   13.00,赫尔曼·黑塞,赫尔曼·黑塞 黑塞 小说 德国 德国文学 诺贝尔文学奖 外国文学 文学
https://book.douban.com/subject/1119522/,https://img2.doubanio.com/view/subject/s/public/s1095383.jpg,呼啸山庄,Wuthering Heights,8.4,109944,近乎暴虐的爱与恨,艾米莉·勃朗特   张扬   人民文学出版社   1999-01-01   27.30元,艾米莉·勃朗特,呼啸山庄 外国文学 爱情 经典 小说 英国 名著 外国名著
https://book.douban.com/subject/1424741/,https://img1.doubanio.com/view/subject/s/public/s1436379.jpg,心是孤独的猎手,The Heart Is a Lonely Hunter,8.5,29851,镇上有两个哑巴，他们总是在一起,[美] 卡森·麦卡勒斯   陈笑黎   上海三联书店   2005-8   25.00元,卡森·麦卡勒斯,卡森·麦卡勒斯 心是孤独的猎手 小说 外国文学 美国 孤独 美国文学 文学
https://book.douban.com/subject/26704403/,https://img9.doubanio.com/view/subject/s/public/s28397415.jpg,二手时间,Время секонд хэнд,8.8,17846,用最为细小的马赛克拼出了一幅完整的后苏联时代图景,[白俄] S. A. 阿列克谢耶维奇   吕宁思   中信出版集团   2016-1   55.00元,S.A.阿列克谢耶维奇,纪实 历史 苏联 阿列克谢耶维奇 外国文学 社会 白俄罗斯文学 社会学
https://book.douban.com/subject/3057556/,https://img1.doubanio.com/view/subject/s/public/s28036829.jpg,狂热分子,True Believer : Thoughts on the Nature of Mass Movements,8.9,12705,探讨群众运动的共有特征,[美] 埃里克·霍弗   梁永安   广西师范大学出版社   2011-6   34.00元,埃里克·霍弗,社会学 社会心理学 群体心理学 心理学 狂热分子 政治学 社会 政治
https://book.douban.com/subject/10738023/,https://img9.doubanio.com/view/subject/s/public/s9110246.jpg,了不起的盖茨比,The Great Gatsby,8.7,38616, ,[美] 斯科特·菲茨杰拉德   邓若虚   南海出版公司   2012-5   25.00元,斯科特·菲茨杰拉德,菲茨杰拉德 美国文学 小说 美国梦 幻灭 了不起的盖茨比 外国文学 F.S.菲茨杰拉德
https://book.douban.com/subject/33658616/,https://img1.doubanio.com/view/subject/s/public/s33317677.jpg,克莱因壶,クラインの壷,8.8,25674, ,[日]冈岛二人   张舟   化学工业出版社   2019-9   48.00元,冈岛二人,科幻 科幻推理 推理 日本 冈岛二人 推理小说 日系推理 日本推理
https://book.douban.com/subject/1073708/,https://img9.doubanio.com/view/subject/s/public/s1075414.jpg,牡丹亭, ,9.0,11896,不到园林，怎知春色如许,汤显祖   人民文学出版社   1963-4-1   14.50元,汤显祖,古典文学 牡丹亭 汤显祖 戏剧 中国古典文学 昆曲 戏曲 中国文学
https://book.douban.com/subject/1037602/,https://img9.doubanio.com/view/subject/s/public/s1027286.jpg,别闹了，费曼先生,"Surely You’re Joking, Mr. Feynman!: Adventures of a Curious Character",8.9,10070,科学顽童的故事,[美] 理查德·费曼   吴程远   生活·读书·新知三联书店   1997-12   22.00元,理查德·费曼,传记 费曼 科普 物理 别闹了，费曼先生 人物 自传 科学家
https://book.douban.com/subject/1077528/,https://img9.doubanio.com/view/subject/s/public/s8879166.jpg,通往奴役之路,The Road to Serfdom,8.8,14516,古典自由主义杰作,弗里德利希・冯・哈耶克   王明毅   中国社会科学出版社   1997-08-01   16.00,弗里德利希・冯・哈耶克,哈耶克 自由主义 经济学 政治经济学 政治 哲学 经济 经典
https://book.douban.com/subject/1080309/,https://img2.doubanio.com/view/subject/s/public/s9140762.jpg,尘埃落定, ,8.5,59283,一个傻子的土司家族传奇,阿来   人民文学出版社   1998-3-1   22.0,阿来,阿来 西藏 尘埃落定 小说 中国文学 茅盾文学奖 当代文学 文学
https://book.douban.com/subject/3012517/,https://img1.doubanio.com/view/subject/s/public/s4045138.jpg,小姨多鹤, ,8.6,30121,两个女人的史诗,严歌苓   作家出版社   2008-4   28.00元,严歌苓,严歌苓 小说 小姨多鹤 当代文学 女性 中国文学 日本 中国
https://book.douban.com/subject/4836682/,https://img3.doubanio.com/view/subject/s/public/s4425090.jpg,告白, ,8.5,14035, ,[日]凑佳苗   丁世佳   哈尔滨出版社   2010-7   26.00元,凑佳苗,日本 凑佳苗 推理 小说 悬疑 日本文学 推理小说 日本推理
https://book.douban.com/subject/1264579/,https://img1.doubanio.com/view/subject/s/public/s2508587.jpg,欢乐英雄, ,8.8,15098,坚持自己的信念，在贫穷中获得欢乐与友谊,古龙   珠海出版社   2005-8   28.00元,古龙,古龙 武侠 小说 欢乐英雄 武侠小说 经典 成人童话 中国
https://book.douban.com/subject/1008189/,https://img1.doubanio.com/view/subject/s/public/s1562997.jpg,西方哲学史（上卷）,A History of Western Philosophy,8.9,12642,西方哲学史及其与从古代到现代的政治、社会情况的联系,[英] 罗素   何兆武   商务印书馆   1963-9   25.00,罗素,哲学 罗素 西方哲学史 哲学史 西方哲学 商务印书馆 历史 英国
https://book.douban.com/subject/26369699/,https://img1.doubanio.com/view/subject/s/public/s29237648.jpg,被讨厌的勇气,嫌われる勇気：自己啓発の源流「アドラー」の教え,8.6,73171, ,岸见一郎   渠海霞   机械工业出版社   2015-3-1   39.8,岸见一郎,心理学 心灵成长 阿德勒 心理 哲学 成长 思考 人生
https://book.douban.com/subject/1062193/,https://img9.doubanio.com/view/subject/s/public/s6776106.jpg,娱乐至死,Amusing Ourselves to Death,8.5,37993,一切公众话语都日渐以娱乐的方式出现，一切文化内容都成为娱乐的附庸,[美] 尼尔·波兹曼   章艳   广西师范大学出版社   2011-6   29.80元,尼尔·波兹曼,传媒 文化 传播学 娱乐至死 社会 社会学 美国 媒介
https://book.douban.com/subject/1014278/,https://img2.doubanio.com/view/subject/s/public/s3695882.jpg,红玫瑰与白玫瑰, ,8.4,81623,蚊子血还是饭黏子？,张爱玲   花城出版社   1996-06   12.80元,张爱玲,张爱玲 红玫瑰与白玫瑰 爱情 小说 中国文学 張愛玲 经典 文学
https://book.douban.com/subject/26957760/,https://img1.doubanio.com/view/subject/s/public/s29331058.jpg,世界的凛冬,Winter of the World,8.8,23173,我亲眼目睹，每一个迈向死亡的生命都在热烈地生长,[英] 肯·福莱特   陈杰   江苏凤凰文艺出版社   2017-3-1   132.00（全三册）,肯·福莱特,世纪三部曲 二战 历史 小说 世界的凛冬 肯·福莱特 肯.福莱特 英国文学
https://book.douban.com/subject/26923390/,https://img9.doubanio.com/view/subject/s/public/s29179365.jpg,长夜难明,The Long Night,8.5,61268, ,紫金陈   云南人民出版社   2017-1   42.00元,紫金陈,紫金陈 悬疑 国产推理 推理 推理小说 好书，值得一读 中国 小说
https://book.douban.com/subject/1322025/,https://img2.doubanio.com/view/subject/s/public/s1441092.jpg,卓有成效的管理者,The Effective Executive,8.7,15610, ,[美] 彼得·德鲁克   许是祥   机械工业出版社   2005-6   28.00元,彼得·德鲁克,管理 管理学 德鲁克 卓有成效的管理者 彼得·德鲁克 管理经典 商业 经典
https://book.douban.com/subject/34996429/,https://img1.doubanio.com/view/subject/s/public/s33623978.jpg,消失的13级台阶,13階段,8.7,41078, ,[日] 高野和明   赵建勋   上海文艺出版社   2020-5-15   42.00元,高野和明,推理 推理小说 日本推理 江户川乱步奖 日本 日系推理 高野和明 侦探推理
https://book.douban.com/subject/1032501/,https://img3.doubanio.com/view/subject/s/public/s1068520.jpg,心理学与生活, ,8.8,18054,是教科书，也是通俗易懂的好读物,[美] 理查德·格里格   王垒   人民邮电出版社   2003-10   88.00元,理查德·格里格,心理学 心理学与生活 心理 普通心理学 经典 教材 科普 psychology
https://book.douban.com/subject/1089512/,https://img9.doubanio.com/view/subject/s/public/s10169596.jpg,陆小凤传奇, ,8.7,18889,“我是陆小凤，四条眉毛的陆小凤”,古龙   珠海出版社   2005-8   94.00元,古龙,古龙 武侠 陆小凤传奇 武侠小说 小说 陆小凤 经典 中国
https://book.douban.com/subject/26896859/,https://img2.doubanio.com/view/subject/s/public/s29423902.jpg,当呼吸化为空气,When Breath Becomes Air,8.8,21707,你在死亡中探究生命的意义，你见证生前的呼吸化作死后的空气,[美] 保罗·卡拉尼什   何雨珈   猫头鹰文化·浙江文艺出版社   2016-12   48.00元,保罗·卡拉尼什,死亡 医学 与命运的抗争 传记 医生 文学 好书，值得一读 美国
https://book.douban.com/subject/6789551/,https://img2.doubanio.com/view/subject/s/public/s8972061.jpg,不存在的骑士,Il Cavaliere Inesistente,8.9,14183, ,[意] 伊塔洛·卡尔维诺   吴正仪   译林出版社   2012-4   22.00元,伊塔洛·卡尔维诺,卡尔维诺 意大利 小说 伊塔洛·卡尔维诺 意大利文学 外国文学 文学 经典
https://book.douban.com/subject/1692648/,https://img9.doubanio.com/view/subject/s/public/s9018034.jpg,一个人的村庄, ,8.9,14388,他是真正的作家，也是真正的农民,刘亮程   春风文艺出版社   2006-1   28.00元,刘亮程,刘亮程 散文 乡土 一个人的村庄 散文随笔 中国文学 文学 村庄
https://book.douban.com/subject/1001885/,https://img2.doubanio.com/view/subject/s/public/s3186863.jpg,带一本书去巴黎, ,8.5,22787,倾听历史的回声,林达   生活·读书·新知三联书店   2002-5   35.00元,林达,林达 旅行 法国 文化 历史 随笔 巴黎 游记
https://book.douban.com/subject/1170801/,https://img1.doubanio.com/view/subject/s/public/s24549908.jpg,泰戈尔诗集, ,8.9,9937, ,[印] 罗宾德拉纳特·泰戈尔   深幻   北京出版社   2004-7   25.00元,罗宾德拉纳特·泰戈尔,泰戈尔 诗歌 外国文学 诗集 经典 印度 文学 诗
https://book.douban.com/subject/4732378/,https://img9.doubanio.com/view/subject/s/public/s4296814.jpg,那些回不去的年少时光·终场, ,8.7,20946,青春的逝去并不可怕，可怕的是失去了勇敢地热爱生活的心,桐华   江苏文艺出版社   2010-04   23.80元,桐华,桐华 青春 成长 小说 那些回不去的年少时光 那些回不去的年少时光终场 回忆 青春文学
