红楼梦,古典文学,曹雪芹,经典,古典名著,名著,四大名著,小说
余华,人性,人生,活着,中国文学,社会,经典,小说
百年孤独,加西亚·马尔克斯,魔幻现实主义,经典,拉美文学,外国文学,小说,文学
反乌托邦,乔治·奥威尔,政治寓言,政治,1984,外国文学,小说,英国
飘,经典,外国文学,爱情,外国名著,小说,美国,名著
刘慈欣,科幻,中国科幻,三体,科幻小说,硬科幻,经典,小说
三国演义,古典文学,古典名著,罗贯中,小说,历史,名著,四大名著
东野圭吾,東野圭吾,推理,悬疑,日本,推理小说,人性,日本文学
小王子,童话,经典,成长,圣埃克苏佩里,哲学,外国文学,法国
福尔摩斯,推理,侦探,柯南道尔,侦探小说,经典,悬疑,小说
女性,自我保护,林奕含,女性/性别,台湾文学,现代文学,小说,台湾
乔治·奥威尔,政治寓言,反乌托邦,极权主义,小说,政治,外国文学,动物农场
三毛,撒哈拉的故事,随笔,散文,游记,旅行,爱情,文学
金庸,武侠,武侠小说,天龙八部,经典,小说,中国文学,中国
童话,安徒生,经典,儿童文学,外国文学,安徒生童话,安徒生童话故事集,名著
平凡的世界,路遥,人生,中国文学,经典,小说,文学,成长
钱钟书,围城,中国文学,经典,小说,婚姻,现代文学,文学
霍乱时期的爱情,爱情,加西亚-马尔克斯,加西亚·马尔克斯,拉美文学,小说,外国文学,文学
加缪,存在主义,阿尔贝·加缪,局外人,小说,法国文学,哲学,法国
历史,明朝那些事儿,明朝,当年明月,中国历史,历史小说,中国文学,明史
追风筝的人,人性,救赎,阿富汗,成长,小说,外国文学,卡勒德·胡赛尼
王小波,杂文,沉默的大多数,思想,随笔,中国文学,文学,中国
历史,人类简史,人类学,人类,科普,哲学,思维,社会学
魔法,哈利波特,J.K.罗琳,奇幻,经典,HarryPotter,成长,英国
毛姆,月亮和六便士,小说,外国文学,英国,英国文学,毛姆：月亮和六便士,文学
肖申克的救赎,斯蒂芬·金,经典,小说,外国文学,希望,人性,美国
大仲马,基督山伯爵,复仇,外国文学,经典,小说,名著,法国
冰与火之歌,奇幻,乔治·马丁,史诗,小说,西方奇幻,魔幻,外国文学
金庸,武侠,笑傲江湖,武侠小说,小说,经典,中国文学,中国
鲁迅,中国文学,呐喊,经典,杂文,小说,文学,中国
东野圭吾,推理,推理小说,悬疑,日本,東野圭吾,日本文学,小说
历史,黄仁宇,万历十五年,明朝,中国历史,明史,大历史,中国
成长,杀死一只知更鸟,教育,经典,美国文学,小说,外国文学,正义
阿加莎·克里斯蒂,推理,推理小说,侦探推理,东方快车谋杀案,英国,侦探,悬疑
历史,钱穆,政治,中国历史,中国历代政治得失,中国,经典,国学
傲慢与偏见,爱情,奥斯丁,外国文学,经典,外国名著,英国,小说
那不勒斯四部曲,女性,埃莱娜•费兰特,小说,意大利文学,意大利,外国文学,文学/小说
纪实中国,纪实,何伟,中国,旅行,随笔,社会,社会学
纪实中国,旅行,纪实,中国,何伟,寻路中国,社会学,社会
那不勒斯四部曲,女性,小说,外国文学,意大利文学,成长,埃莱娜•费兰特,意大利
金庸,武侠,武侠小说,射雕英雄传,经典,小说,中国文学,中国
王小波,黄金时代,小说,中国文学,经典,文学,文革,当代
童话,格林童话,外国文学,童年,经典,格林兄弟,儿童文学,德国
阿加莎·克里斯蒂,推理,悬疑推理,英国,侦探推理,无人生还,小说,悬疑
毛姆,小说,英国文学,外国文学,英国,刀锋,经典,文学
林海音,城南旧事,童年,中国文学,成长,儿童文学,小说,小时候
社会学,费孝通,乡土中国,中国社会,社会学　中国农村,文化,中国,社会
柴静,纪实,随笔,中国,看见,社会学,社会,传记
史铁生,散文,我与地坛,人生,随笔,中国文学,中国当代文学,文学
美国,林达,政治,历史,文化,社会,民主,随笔
金庸,武侠,神雕侠侣,武侠小说,小说,经典,爱情,中国
陈忠实,白鹿原,中国文学,经典,茅盾文学奖,小说,现当代文学,社会
余华,许三观卖血记,小说,人性,人生,中国文学,当代,文学
阿富汗,卡勒德·胡塞尼,女性,灿烂千阳,苦难,小说,外国文学,卡勒德·胡赛尼
鲁迅,散文,朝花夕拾,中国文学,经典,现代文学,文学,中国
三毛,哭泣的骆驼,散文,流浪,台湾,游记,沙漠,中国文学
雨果,悲惨世界,外国文学,法国,经典,名著,小说,外国名著
鲁迅,中国文学,散文,野草,散文诗,现代文学,文学,经典
鲁迅,中国文学,小说,经典,彷徨,现代文学,文学,中国
历史,史记,司马迁,中国历史,经典,古籍,国学,中国文学
窗边的小豆豆,儿童文学,黑柳彻子,教育,日本,童年,日本文学,儿童
木心,文学,文学回忆录,陈丹青,文学史,中国文学,文化,人文
互联网,IT,商业,计算机,浪潮之巅,历史,管理,投资
邓小平,传记,历史,政治,傅高义,中国,人物传记,现当代史
杨绛,回忆录,我们仨,亲情,钱钟书,回忆,随笔,散文
古典文学,西游记,古典名著,小说,四大名著,经典,中国文学,名著
科普,量子物理,物理,量子力学,科学史,科学,物理学,哲学
卡尔维诺,树上的男爵,意大利,伊塔洛·卡尔维诺,小说,外国文学,意大利文学,文学
陀思妥耶夫斯基,俄国文学,小说,卡拉马佐夫兄弟,俄罗斯,厚重的现实主义,外国文学,文学
白先勇,台湾,台湾文学,短篇小说,小说,中国文学,现当代文学,文学
王小波,爱你就像爱生命,爱情,李银河,情书,书信集,中国文学,散文
百科全书,科普,少年儿童百科全书,童年,儿时读物,经典,中国,百科
艺术,艺术史,贡布里希,艺术的故事,美术学,文化,历史,经典
诗经,古典文学,诗歌,古典诗词,中国文学,古典,古籍,中国
哲学,老子,道德经,道家,国学,经典,古典文学,中国
吴念真,台湾,散文,随笔,台湾文学,文学,吳念真,港台文学
泰戈尔,诗歌,飞鸟集,外国文学,诗集,经典,印度,诗
赫尔曼·黑塞,宗教,黑塞,小说,哲学,德国,佛教,外国文学
王国维,人间词话,诗词,国学,文学,古文诗词,古典,经典
科幻,阿西莫夫,时间旅行,科幻小说,小说,艾萨克·阿西莫夫,美国,外国文学
沈从文,乡土,边城,中国文学,小说,湘西,经典,文学
教父,黑帮,小说,经典,外国文学,马里奥·普佐,美国,美国文学
科幻,阿西莫夫,基地系列,科幻小说,小说,经典,科幻经典,美国
唐诗三百首,诗歌,古典文学,诗词,唐诗,经典,中国,古典
金庸,武侠,鹿鼎记,武侠小说,小说,经典,韦小宝,中国
历史,小说,肯·福莱特,外国文学,好书，值得一读,经典,英国小说,英国
阿加莎·克里斯蒂,推理,推理小说,悬疑,侦探小说,波洛,英国,小说
三毛,梦里花落知多少,散文,这样一个神奇女子,随笔,台湾,中国文学,文学
鲁迅,小说,中国文学,故事新编,经典,短篇小说,文学,现代文学
海子,诗歌,海子的诗,现代诗歌,诗,文学,生命,中国
阿尔贝·加缪,加缪,存在主义,法国文学,小说,存在主义哲学,法国,外国文学
卡尔维诺,看不见的城市,意大利,外国文学,小说,文学,意大利文学,城市
科普,史蒂芬·霍金,宇宙,时间简史,物理,科学,物理学,时间
茨威格,一个陌生女人的来信,爱情,外国文学,小说,奥地利,经典,女性
萧红,呼兰河传,中国文学,女性文学,小说,萧红的作品值得一读,现代文学,文学
人生,小说,约翰·威廉斯,美国文学,外国文学,文学,美国,理想
东野圭吾,治愈,温暖,小说,日本,日本文学,東野圭吾,推理
死亡,医学,社会学,伦理,社会,老龄化,养老,阿图·葛文德
毛姆,小说,外国文学,英国文学,英国,毛姆&lt;人生的枷锁&gt;,人生的枷锁,人生
治愈,北欧文学,怪老头,小说,瑞典,好书，值得一读,外国文学,弗雷德里克·巴克曼
严歌苓,小说,人性,中国文学,文革,中国现当代文学,爱情,历史
人性,科幻,心理,科幻小说,小说,丹尼尔·凯斯,外国文学,心理学
刘瑜,随笔,送你一颗子弹,杂七杂八,时评,文化,中国文学,中国
龙应台,散文,亲情,随笔,人生,台湾,目送,生活·读书·新知三联书店
传记,史蒂夫·乔布斯,苹果,乔布斯,SteveJobs,人物传记,互联网,美国
教育与女性,教育,励志,传记,女性,回忆录,文学,美国文学
龙应台,散文,随笔,孩子,孩子你慢慢来,亲情,人生,教育
王尔德,童话,王尔德童话,英国,外国文学,英国文学,儿童文学,经典
岩井俊二,情书,爱情,日本,日本文学,小说,青春,纯爱
龙应台,教育,亲爱的安德烈,随笔,成长,台湾,亲情,散文
那不勒斯四部曲,女性,埃莱娜·费兰特,意大利,小说,意大利文学,外国文学,文学
李娟,散文,新疆,阿勒泰,自然,随笔,散文随笔,纪实
张爱玲,倾城之恋,小说,爱情,中国文学,经典,文学,现代文学
历史,孔飞力,社会学,清代史,社会学和人类学,叫魂,海外汉学,生活·读书·新知三联书店
科普,十万个为什么,小时候的书,童年,启蒙,儿童,中国,小时候
米兰・昆德拉,不能承受的生命之轻,外国文学,哲学,小说,捷克,米兰·昆德拉,文学
童话,安徒生,海的女儿,丹麦,外国文学,经典,儿童文学,童年
九州,江南,缥缈录,奇幻,小说,奇幻小说,中国,经典
三毛,万水千山走遍,旅行,散文,游记,随笔,流浪,台湾
美学,李泽厚,艺术,哲学,美的历程,人文,中国,艺术史
哲学,哲学启蒙书,苏菲的世界,乔斯坦•贾德,经典,外国文学,哲学入门,小说
伊坂幸太郎,日本,推理,日本文学,小说,推理小说,悬疑,日系推理
白先勇,同性,台湾文学,小说,台湾,同志,中国文学,现当代文学
哲学,叔本华,人生的智慧,西方哲学,人生,思想,心理学,生活
刘慈欣,科幻,科幻小说,球状闪电,小说,中国,大刘,中国科幻
浮生六记,古典文学,沈复,随笔,散文,古典,文学,爱情
心理学,爱的艺术,弗洛姆,爱情,哲学,心理,情感,爱
经济学,经济学原理,曼昆,经济学入门,经济,经典,教材,economics
历史,钱穆,国史大纲,中国历史,国学,中国史,经典,中国
龙应台,杂文,台湾,社会,思想,野火集,民主,文化
欧·亨利,外国文学,麦琪的礼物,小说,经典,美国,爱情,短篇小说
刘瑜,民主,政治,美国,随笔,社会学,政治学,社会
科幻,银河系漫游指南,道格拉斯・亚当斯,科幻小说,英国,幽默,小说,经典
张爱玲,半生缘,爱情,小说,中国文学,女性,文学经典,文学
古典文学,古文观止,国学,古文,经典,文学,古籍,散文
美国,林达,政治,文化,历史,民主,社会,随笔
小说,亮剑,战争,军事,都梁,历史,文革,李云龙
老舍,中国文学,抗日战争,经典,小说,现代文学,名著,文学
你好，旧时光,青春,小说,八月长安,成长,献给青春。,玛丽苏病例报告,文学
毛姆,英国文学,女性,萨默塞特·毛姆,爱情,人性,小说,英国
经济,吴晓波,商业,历史,中国,激荡三十年,企业,国情
牧羊少年奇幻之旅,与心沟通,外国文学,保罗柯艾略,小说,成长,童话,巴西
历史,全球通史,斯塔夫里阿诺斯,世界历史,文明,历史学,通史,世界史
荆棘鸟,外国文学,爱情,考琳・麦卡洛,澳大利亚,小说,经典,名著
博尔赫斯,拉美文学,小说,阿根廷,短篇小说,外国文学,阿根廷文学,文学
阿加莎·克里斯蒂,推理,英国,侦探推理,小说,侦探,尼罗河上的惨案,侦探小说
简爱,外国文学,爱情,经典,小说,名著,外国名著,英国
那不勒斯四部曲,女性友谊,女性,埃莱娜·费兰特,小说,意大利文学,意大利,外国文学
人类学,历史,社会学,社会文化史,社会,生物地理学,科普,杰拉德·戴蒙德
李娟,散文,新疆,阿勒泰,随笔,自然,中国文学,旅行
王小波,绿毛水怪,浪漫的灵魂,小说,中国文学,文学,爱情,中国
阿城,小说,棋王,中国文学,当代文学,文革,文学,中国
写作,编剧,创作,电影,故事,文学,罗伯特∙麦基,电影理论
金庸,武侠,倚天屠龙记,武侠小说,小说,经典,中国文学,中国
茨威格,回忆录,历史,斯蒂芬・茨威格,传记,外国文学,欧洲,奥地利
心理学,社会心理学,心理,社会学,社会心理,认识自己,专业书,psychology
三毛,温柔的夜,散文,随笔,流浪,文学,台湾,中国文学
古典文学,四大名著,水浒传,小说,古典名著,经典,中国,名著
赫尔曼·黑塞,黑塞,成长,小说,德国文学,自我,德国,哲学
芥川龙之介,日本文学,日本,罗生门,人性,短篇小说,小说,短篇
三毛,雨季不再来,散文,成长,随笔,青春,台湾,中国文学
李碧华,霸王别姬,小说,中国文学,香港,爱情,文学,经典
陀思妥耶夫斯基,俄罗斯文学,罪与罚,小说,俄罗斯,外国文学,经典,文学
美国,林达,政治,民主,文化,历史,社会,随笔
佛学,宗萨蒋扬钦哲仁波切,宗教,哲学,佛教,正见,思想,佛法
刘震云,小说,一句顶一万句,当代文学,中国文学,茅盾文学奖,中国当代小说,人生
东野圭吾,推理,日本,悬疑,推理小说,人性,東野圭吾,小说
童话,一千零一夜,外国文学,经典,神话,外国名著,名著,儿童文学
传记,梵高,渴望生活——梵高传,人物传记,艺术,外国文学,欧文·斯通
顾城,诗歌,顾城的诗,中国文学,诗,诗集,文学,中国
吉米·哈利,动物,万物有灵且美,外国文学,英国,动物与人,英国文学,小说
老舍,戏剧,中国文学,话剧,经典,茶馆,中国,现代文学
王小波,青铜时代,小说,中国文学,文学,经典,当代,中国
八月长安,青春,最好的我们,成长,校园,献给青春,小说,献给青春。
设计,原研哉,日本,设计中的设计,艺术,设计与文化,设计理论,Design
哲学,柏拉图,理想国,西方哲学,古希腊,经典,政治哲学,政治学
曹禺,戏剧,中国文学,话剧,雷雨,经典,文学,中国
李娟,散文,新疆,阿勒泰,随笔,生活,中国文学,旅行
电影,电影理论,认识电影（插图第11版）,电影分析,艺术,认识电影,经典,焦雄屏
生命,于娟,随笔,日记,人生,为了爱,传记,中国文学
人性,小说,诺贝尔文学奖,若泽·萨拉马戈,萨拉马戈,外国文学,葡萄牙文学,葡萄牙
计算机,互联网,黑客,创业,编程,思维,软件开发,阮一峰
回忆录,何兆武,西南联大,上学记,历史,传记,随笔,人生
加西亚·马尔克斯,小说,拉美文学,马尔克斯,外国文学,魔幻现实主义,推理,哥伦比亚
村上春树,日本文学,挪威的森林,日本,青春,小说,爱情,孤独
历史,鸦片战争,中国近代史,近代史,茅海建,中国历史,天朝的崩溃,晚清
张爱玲,张爱玲文集,小说,中国文学,经典,文学,现代文学,散文
齐邦媛,回忆录,台湾,纪实文学,历史,传记,巨流河,三联书店
张爱玲,金锁记,小说,中国文学,女性,爱情,经典,張愛玲
曹文轩,儿童文学,童年,草房子,成长,小说,中国文学,浪漫主义小说
海明威,老人与海,外国文学,经典,励志,小说,名著,美国
香水,小说,德国,悬疑,外国文学,聚斯金德,谋杀,经典
心理学,影响力,营销,社会心理,管理,营销心理,心理,商业
国学,孔子,论语,哲学,经典,古典文学,思想,中国文学
女性主义,女性研究,社会学,女权主义,女性,上野千鹤子,日本,心理学
汪曾祺,散文,人间草木,散文随笔,随笔,中国文学,闲淡,文学
科普,数学,科学,自然科学,从一到无穷大,物理,伽莫夫,经典
村上春树,世界尽头与冷酷仙境,日本文学,小说,日本,村上春樹,文学,外国文学
童话,夏洛的网,儿童文学,E・B・怀特,外国文学,童心,美国,小说
茨威格,历史,传记,人物传记,外国文学,奥地利,文学,人物
反乌托邦,奥尔德斯·赫胥黎,社会,赫胥黎,小说,英国文学,外国文学,经典
哲学,冯友兰,中国哲学,中国哲学简史,哲学史,中国,思想,经典
乙一,日本,推理,恐怖,小说,日本文学,短篇集,ZOO
切尔诺贝利,纪实文学,纪实,诺贝尔文学奖,S.A.阿列克谢耶维奇,外国文学,阿列克谢耶维奇,白俄罗斯
佐贺的超级阿嬷,日本,日本文学,励志,笑对人生！,生活,岛田洋七,爱
林达,美国,政治,历史,民主,文化,社会,随笔
迟子建,茅盾文学奖,鄂温克,额尔古纳河右岸,民族,小说,中国文学,当代文学
古龙,武侠,小李飞刀,武侠小说,小说,多情剑客无情剑,李寻欢,中国
三岛由纪夫,日本文学,日本,小说,金阁寺,三島由紀夫,文学,美学
阿利斯泰尔·麦克劳德,短篇小说,外国文学,加拿大文学,加拿大,小说,短经典,文学
莎士比亚,戏剧,哈姆莱特,外国文学,经典,英国,悲剧,名著
石黑一雄,诺贝尔奖,小说,英国文学,日本,英国,外国文学,长篇小说
老舍,骆驼祥子,中国文学,社会,经典,小说,名著,人生
上海,金宇澄,小说,繁花,中国当代文学,中国文学,茅盾文学奖,文学
科幻,科幻小说,特德·姜,小说,美国,哲学,外国文学,美国文学
科幻,科幻小说,小说,美国,火星救援,外星求生,安迪·威尔,外国文学
卢梭,政治学,哲学,社会学,政治哲学,政治,经典,法国
科幻,海底两万里,科幻小说,凡尔纳,儒勒·凡尔纳,外国文学,小说,法国
三毛,散文,稻草人手记,随笔,台湾,中国文学,散文杂文随笔,文学
是枝裕和,日本文学,日本,步履不停,小说,文学,好书，值得一读,我想读这本书
赫尔曼·黑塞,黑塞,小说,德国,德国文学,诺贝尔文学奖,外国文学,文学
呼啸山庄,外国文学,爱情,经典,小说,英国,名著,外国名著
卡森·麦卡勒斯,心是孤独的猎手,小说,外国文学,美国,孤独,美国文学,文学
纪实,历史,苏联,阿列克谢耶维奇,外国文学,社会,白俄罗斯文学,社会学
社会学,社会心理学,群体心理学,心理学,狂热分子,政治学,社会,政治
菲茨杰拉德,美国文学,小说,美国梦,幻灭,了不起的盖茨比,外国文学,F.S.菲茨杰拉德
科幻,科幻推理,推理,日本,冈岛二人,推理小说,日系推理,日本推理
古典文学,牡丹亭,汤显祖,戏剧,中国古典文学,昆曲,戏曲,中国文学
传记,费曼,科普,物理,别闹了，费曼先生,人物,自传,科学家
哈耶克,自由主义,经济学,政治经济学,政治,哲学,经济,经典
阿来,西藏,尘埃落定,小说,中国文学,茅盾文学奖,当代文学,文学
严歌苓,小说,小姨多鹤,当代文学,女性,中国文学,日本,中国
日本,凑佳苗,推理,小说,悬疑,日本文学,推理小说,日本推理
古龙,武侠,小说,欢乐英雄,武侠小说,经典,成人童话,中国
哲学,罗素,西方哲学史,哲学史,西方哲学,商务印书馆,历史,英国
心理学,心灵成长,阿德勒,心理,哲学,成长,思考,人生
传媒,文化,传播学,娱乐至死,社会,社会学,美国,媒介
张爱玲,红玫瑰与白玫瑰,爱情,小说,中国文学,張愛玲,经典,文学
世纪三部曲,二战,历史,小说,世界的凛冬,肯·福莱特,肯.福莱特,英国文学
紫金陈,悬疑,国产推理,推理,推理小说,好书，值得一读,中国,小说
管理,管理学,德鲁克,卓有成效的管理者,彼得·德鲁克,管理经典,商业,经典
推理,推理小说,日本推理,江户川乱步奖,日本,日系推理,高野和明,侦探推理
心理学,心理学与生活,心理,普通心理学,经典,教材,科普,psychology
古龙,武侠,陆小凤传奇,武侠小说,小说,陆小凤,经典,中国
死亡,医学,与命运的抗争,传记,医生,文学,好书，值得一读,美国
卡尔维诺,意大利,小说,伊塔洛·卡尔维诺,意大利文学,外国文学,文学,经典
刘亮程,散文,乡土,一个人的村庄,散文随笔,中国文学,文学,村庄
林达,旅行,法国,文化,历史,随笔,巴黎,游记
泰戈尔,诗歌,外国文学,诗集,经典,印度,文学,诗
桐华,青春,成长,小说,那些回不去的年少时光,那些回不去的年少时光终场,回忆,青春文学
