书籍详情链接,图片链接,书名,书名简述,评分,评价数,出版相关信息,概况,用户标签,出版社
https://book.douban.com/subject/1031526/,https://img2.doubanio.com/view/subject/s/public/s1090891.jpg,一个广告人的自白, ,8.3,8944人,（美）奥格威 / 林桦 / 中国物价出版社 / 2003-7-1 / 29.80,在这本书中，奥格威坦诚地介绍他本人和奥美广告公司的宝贵经验，包括怎样经营广告公司、怎样争取客户、怎样维系客户，怎样当一个好客户，怎样撰写有效的文案、怎样制作... ,广告&一个广告人的自白&营销&奥格威&大卫·奥格威&奥美&自传&专业,中国物价出版社
https://book.douban.com/subject/5421787/,https://img9.doubanio.com/view/subject/s/public/s4578724.jpg,定位,有史以来对美国营销影响最大的观念,8.0,9684人,杰克·特劳特（Jack Trout）、阿尔·里斯（AL Ries） / 谢伟山、苑爱冬 / 机械工业出版社 / 2011-1-1 / 42.00元,暂无,营销&定位&商业&市场分析&传播&amp;创意&amp;营销&管理&广告&市场营销,机械工业出版社
https://book.douban.com/subject/35462648/,https://img9.doubanio.com/view/subject/s/public/s33899976.jpg,奥格威谈广告, ,7.7,140人,[美] 大卫·奥格威 / 高志宏 / 中信出版集团 / 2021-5 / 88.00元,暂无,广告&营销&大卫·奥格威&奥美&经典&樊登读书会&设计&职场,中信出版集团
https://book.douban.com/subject/35345323/,https://img2.doubanio.com/view/subject/s/public/s33858963.jpg,秒赞,文案女王20年创作技巧与心法,7.4,990人,林桂枝 / 中信出版 / 2021-2 / 59.00,好文案就要直击人心，令人秒赞。 奥美前首席文案，被誉为“文案女王”的林桂枝倾力相授，浓缩众多爆款文案背后的创作技巧与心法，详解对于文案和时代的深刻理解和洞察... ,文案&广告&营销&工具书&奥美&商业&写作&2021,中信出版
https://book.douban.com/subject/34804492/,https://img9.doubanio.com/view/subject/s/public/s33465396.jpg,计算广告 第2版,互联网商业变现的市场与技术,8.9,297人,刘鹏、王超 / 人民邮电出版社 / 2019-9 / 89.00,计算广告是一项新兴的研究课题，它涉及大规模搜索和文本分析、信息获取、统计模型、机器学习、分类、优化以及微观经济学等诸多领域的知识。本书从实践出发，系统地介绍... ,广告&互联网&计算广告&计算机&营销&用户增长&运营&推荐,人民邮电出版社
https://book.douban.com/subject/35482191/,https://img3.doubanio.com/view/subject/s/public/s33913810.jpg,以红之名,奥美中国草创,8.3,287人,宋秩铭、董洽、郁海敏 / 中信出版集团 / 2021-6-15 / 108.00元,暂无,奥美&广告&广告创意&营销&奥格威&经济&amp;商业&amp;管理&艺术设计&经管,中信出版集团
https://book.douban.com/subject/5300079/,https://img1.doubanio.com/view/subject/s/public/s4492227.jpg,科学的广告+我的广告生涯, ,8.4,1068人,【美】克劳德•霍普金斯（Claude C. Hopkins） / 邱凯生 / 华文出版社 / 2010-10 / 45.00元,暂无,广告&营销&商业&营销策划&传记&文案&美国&设计,华文出版社
https://book.douban.com/subject/35641576/,https://img9.doubanio.com/view/subject/s/public/s34029396.jpg,销售脑科学,洞悉顾客，快速成交,9.0,26人,[美]克里斯托弗·莫林（Christophe Morin）、[美]帕特里克·任瓦茨（Patrick Renvoise） / 李婷婷、施芒素 / 人民邮电出版社 / 2021-11 / 69.80元,暂无,脑科学&营销&心理学&销售&自我成长&思维&职场&广告,人民邮电出版社
https://book.douban.com/subject/27045943/,https://img1.doubanio.com/view/subject/s/public/s29451968.jpg,品牌的技术与艺术,向广告鬼才葉明桂学洞察力与故事力,8.4,368人,葉明桂 / 时报出版,暂无,广告&品牌&营销&创意&Marketing&台湾&设计,时报出版
https://book.douban.com/subject/25813579/,https://img1.doubanio.com/view/subject/s/public/s27323047.jpg,让创意更有黏性,创意直抵人心的六条路径,8.2,1267人,[美] 奇普·希思、[美] 丹·希思 / 姜奕晖 / 中信出版社 / 2014-1-8 / 49.00元,你或许相信在太空中唯一能看到的人工建筑就是万里长城，可乐能腐蚀人体骨骼，我们的大脑使用了10%；与此同时，你却记不得上周例会上领导的安排，昨天看过的那本书里... ,创意&营销&思维&创新&广告&心理学&设计&商业,中信出版社
https://book.douban.com/subject/3127834/,https://img3.doubanio.com/view/subject/s/public/s3172430.jpg,广告文案训练手册,目前最好的广告文案教程之一,8.5,427人,Bruce Bendinger / 谢千帆 / 中国传媒大学出版社 / 2008-5出版 / 158,《广告文案训练手册》主要内容：简单地说，《广告文案训练手册》至少有两个特点和一个作用。第一个特点，就是把广告文案回归到万物的世间去看待。现实本来就是丰富多异... ,广告文案&广告&文案&创意&营销,中国传媒大学出版社
https://book.douban.com/subject/20473412/,https://img3.doubanio.com/view/subject/s/public/s24575340.jpg,品牌洗脑,世界著名品牌只做不说的营销秘密,7.8,3502人,[美] 马丁·林斯特龙 / 赵萌萌 / 中信出版社 / 2013-1 / 45.00元,全球知名的品牌营销大师马丁·林斯特龙有一天突然对品牌感到厌倦，他决定以一个普通消费者的身份对品牌进行为期一年的“戒毒”——不购买新的品牌商品。但是，在坚持了... ,营销&品牌&心理学&商业&社会学&经济&广告&管理,中信出版社
https://book.douban.com/subject/30191451/,https://img2.doubanio.com/view/subject/s/public/s29736562.jpg,流量池, ,7.5,3922人,杨飞 / 中信出版集团 / 2018-4 / 68.00,暂无,营销&互联网&运营&广告&策划&方法论&产品&商业,中信出版集团
https://book.douban.com/subject/35173302/,https://img1.doubanio.com/view/subject/s/public/s34050468.jpg,文案之神, ,7.5,18人,[英]尼尔·法兰奇 / 赵宁监制、刘可澄译 / 东方出版社 / 2021-7 / 256,2021版《文案之神》是费尽4年打磨的2017版《文案之神》发售10000套后，再花2年根据反馈，李欣频文案、小丰辞典幕后高高团队品控，特约文案大咖赵宁监制... ,文案&广告&营销&艺术设计&经管,东方出版社
https://book.douban.com/subject/34872361/,https://img9.doubanio.com/view/subject/s/public/s33521046.jpg,文案的基本修养, ,8.2,2887人,东东枪 / 中信出版社 / 2019-10 / 68.00,东东枪从业10数年，一线营销、广告、创意工作心得，悉心梳理打磨多年的“私家创意小课”首度公开；从概念原理到作业细节，从创意方法到评判标准，99篇小文深入浅出... ,文案&文案写作&广告&广告创意&写作&营销&工具书&东东枪,中信出版社
https://book.douban.com/subject/1017180/,https://img9.doubanio.com/view/subject/s/public/s1081174.jpg,定位, ,8.2,8857人,[美] 艾·里斯、杰克·特劳特 / 王恩冕 等 / 中国财政经济出版社 / 2002-2 / 39.80元,20多年前，美国《广告时代》杂志约请年轻的营销专家里斯和特劳特撰写一系列有关营销和广告新思维的文章，总标题就是“定位的时代”。系列文章刊载之后，引起全行业的... ,营销&定位&市场营销&管理&广告&商业&战略&市场,中国财政经济出版社
https://book.douban.com/subject/26596778/,https://img9.doubanio.com/view/subject/s/public/s28280564.jpg,计算广告,互联网商业变现的市场与技术,8.7,1357人,刘鹏、王超 / 人民邮电出版社 / 2015-9-1 / 69.00元,计算广告是一项新兴的研究课题，它涉及大规模搜索和文本分析、信息获取、统计模型、机器学习、分类、优化以及微观经济学等诸多领域的知识。本书从实践出发，系统地介绍... ,广告&计算广告&互联网&营销&数据挖掘&机器学习&商业&算法,人民邮电出版社
https://book.douban.com/subject/2008542/,https://img9.doubanio.com/view/subject/s/public/s25996854.jpg,创意之道,全球32位顶尖广告文案的写作之道,8.6,351人,特约编辑：Alastair Crompton、编辑：Lan White / 英国设计与艺术指导协会 / 198元,暂无,广告&创意&文案&策划&广告学&广告文案&设计&营销,英国设计与艺术指导协会
https://book.douban.com/subject/26663738/,https://img9.doubanio.com/view/subject/s/public/s28339475.jpg,一个广告人的自白（纪念版）, ,8.3,652人,[美]大卫·奥格威 / 林桦 / 中信出版社 / 2015-7-1 / CNY 35.00,暂无,广告&营销&商业&奥格威&传记&创意&美国&人物,中信出版社
https://book.douban.com/subject/25779152/,https://img2.doubanio.com/view/subject/s/public/s27157542.jpg,超级符号就是超级创意,席卷中国市场10年的华与华战略营销创意方法,8.1,2450人,华杉、华楠 / 天津人民出版社 / 2014-1 / 46.00,“华与华方法”的只言片语在营销界流传已广，“超级符号”“品牌寄生”等词汇也被越来越多的营销人知道、理解和应用，但作为本土营销界第一套成体系的营销思想，十余年... ,营销&广告&创意&商业&品牌&思维&好书，值得一读&文案,天津人民出版社
https://book.douban.com/subject/35368439/,https://img9.doubanio.com/view/subject/s/public/s33835426.jpg,传神文案,文案写对，营销才能做对,8.3,480人,空手 / 机械工业出版社 / 2021-2 / 79,这是第一本从品牌营销视角去定义文案的书。它关注的不是遣词造句，不是写出华丽的文章、斐然的文采，而是如何透过文案来打造品牌、制定营销方案，如何用一句文案真正将... ,文案&营销&广告&品牌&策划&工具书&传播&我想读这本书,机械工业出版社
https://book.douban.com/subject/2081341/,https://img9.doubanio.com/view/subject/s/public/s2406766.jpg,Neil French,前奥美全球创意执行总监自传,9.0,337人,Neil French / 100PAGES PRESS / 2004 / 120,暂无,广告&文案&创意&French&传记&广告文案&营销,100PAGES PRESS
https://book.douban.com/subject/2063723/,https://img9.doubanio.com/view/subject/s/public/s2969664.jpg,小丰现代汉语广告语法辞典, ,7.8,716人,丰信东 / 中国青年出版社 / 2004-9 / 70,暂无,广告&文案&广告文案&创意&营销,中国青年出版社
https://book.douban.com/subject/2223180/,https://img1.doubanio.com/view/subject/s/public/s2668149.jpg,The Copy Book 全球32位顶尖广告文案的写作之道, ,8.6,830人,英国D&amp;AD协会 / 赖治怡 / 滚石文化股份有限公司 / 1997.12 / 新台币 1800,暂无,广告&文案&创意&广告文案&广告学&营销&写作,滚石文化股份有限公司
https://book.douban.com/subject/26108557/,https://img1.doubanio.com/view/subject/s/public/s27994898.jpg,洞见远胜创意,世界最富创意的广告公司BBDO,8.2,373人,菲尔·杜森伯里 / 宋洁 / 上海远东出版社 / 2014-10-1 / 38,暂无,广告&创意&营销&思维&文案&传媒&商业,上海远东出版社
https://book.douban.com/subject/6509957/,https://img1.doubanio.com/view/subject/s/public/s6535469.jpg,洞见,世界最富创意的广告公司BBDO,8.4,495人,[美] 菲尔·杜森伯里 / 宋洁 / 上海远东出版社 / 2011-5 / 32.00元,"《洞见:世界最富创意的广告公司BBDO》内容简介：在BBDO，员工们每天都被菲尔简单凝练的箴言激励着：“The Work, The Work, The Wo... ",广告&营销&创意&思维&心理学&商业,上海远东出版社
https://book.douban.com/subject/35013041/,https://img3.doubanio.com/view/subject/s/public/s33935560.jpg,解码广告,广告的意识形态与含义,8.4,36人,[英]朱迪斯·威廉森 / 马非白 / 南京大学出版社 / 2021-8 / 59,暂无,广告学&文化研究&社会学&视觉文化&传播学&文化理论&广告&艺术理论,南京大学出版社
https://book.douban.com/subject/27168701/,https://img2.doubanio.com/view/subject/s/public/s29576281.jpg,爆款文案,把文案变成“印钞机”,7.0,2507人,关健明 / 北京联合出版公司 / 2017-12 / 42.00元,爆款10W+文案是怎么写出来的？前奥美金牌广告人、知乎25K高赞回答者关健明力作《爆款文案》解构文案打动人的4大黄金法则，公开18种文案写法，75篇实战案例... ,文案&营销&广告&写作&商业&好书，值得一读&我想读这本书&企业,北京联合出版公司
https://book.douban.com/subject/1074945/,https://img2.doubanio.com/view/subject/s/public/s10426762.jpg,奥格威谈广告, ,8.4,947人,大卫・奥格威 / 曾晶 / 机械工业出版社 / 2003-6-1 / 98.00,暂无,广告&奥格威&营销&大卫·奥格威&创意&广告学&设计,机械工业出版社
https://book.douban.com/subject/1083444/,https://img2.doubanio.com/view/subject/s/public/s1162692.jpg,文案发烧,20座ONE SHOW奖杯得主的广告心得,8.1,1100人,[美] 路克·苏立文 / 徐凤兰 / 中国财政经济出版社 / 2004-8-1 / 39.80元,《文案发烧》这本书是一部绝好的广告创作教科书。路克·苏立文是美国著名广告公司法龙·麦克艾里哥特广告公司的创意人。他创作的广告醒目、鲜活、简洁、突出，具有排山... ,文案&广告&创意&策划&设计&实用&专业,中国财政经济出版社
https://book.douban.com/subject/30217981/,https://img1.doubanio.com/view/subject/s/public/s29797128.jpg,故事经济学, ,7.1,1180人,[美]罗伯特·麦基、[美]托马斯·格雷斯 / 陶曚 / 天津人民出版社 / 2018-6-1 / CNY 68.00,暂无,经济学&营销&故事&广告学&广告&创意&罗伯特·麦基&思维,天津人民出版社
https://book.douban.com/subject/27180590/,https://img2.doubanio.com/view/subject/s/public/s29589492.jpg,程序化广告 个性化精准投放实用手册, ,8.1,264人,梁丽丽 / 人民邮电出版社 / 2017-10-1 / CNY 79.00,暂无,广告&互联网&营销&商业&数据分析,人民邮电出版社
https://book.douban.com/subject/24854628/,https://img9.doubanio.com/view/subject/s/public/s26829044.jpg,文案创作完全手册,文案大师教你一步步写出销售力,7.7,1559人,罗伯特•布莱 (Robert W. Bly) / 刘怡女、袁婧 / 北京联合出版公司 / 2013-9-1 / CNY 45.00,•畅销美国30年，顶级广告人的超实用文案秘诀。8种标题、9种特质、11种方法，让你轻松学会文案技巧，像顶级广告人一样写出热卖文案。各行业营销人员、广告人士、... ,文案&写作&广告&营销&创意&网络营销&职场&商业,北京联合出版公司
https://book.douban.com/subject/26822490/,https://img9.doubanio.com/view/subject/s/public/s28830565.jpg,我们在为什么样的广告买单, ,8.0,159人,[英]罗伯特·希思 / 任永欣、郑昊沫 / 世界图书出版公司 / 2016-7,暂无,广告&营销&心理学&商业&传媒&我想读这本书&好书，值得一读&真心想读,世界图书出版公司
https://book.douban.com/subject/1136648/,https://img2.doubanio.com/view/subject/s/public/s1156441.jpg,很久很久以前,以神话原型打造深植人心的品牌,8.9,154人,玛格丽特・马克、卡罗・S・皮尔森 / 许晋福、戴至中、袁世珮 / 汕头大学出版社 / 2003-9-1 / 38.00,暂无,品牌&营销&广告&心理学&商业&管理,汕头大学出版社
https://book.douban.com/subject/4899351/,https://img3.doubanio.com/view/subject/s/public/s28259250.jpg,一个广告人的自白, ,8.3,4964人,大卫•奥格威 (David Ogilvy) / 中信出版社 / 2010-7-1 / 29.00元,这本书在过往的广告史上可能是对广告人影响最大的一本，很少有广告人没有看过这本书，一直到现在应该还是，相信未来还是这样。有些读者不是广告人，而是从事营销工作，... ,广告&大卫·奥格威&营销&传媒&创意&一个广告人的自白&奥格威&思想,中信出版社
https://book.douban.com/subject/25818674/,https://img9.doubanio.com/view/subject/s/public/s27231576.jpg,创意的生成, ,8.2,336人,[美]詹姆斯·韦伯·扬 / 祝士伟 / 中国人民大学出版社 / 2014-2-1 / 19.90元,暂无,创意&广告&思维&创新&设计&方法论&韦伯&心理学,中国人民大学出版社
https://book.douban.com/subject/30216368/,https://img3.doubanio.com/view/subject/s/public/s33817060.jpg,注意力商人,他們如何操弄人心？揭密媒體、廣告、群眾的角力戰,8.4,148人,吳修銘 / 黃庭敏 / 天下雜誌 / 2018-4-2 / NT$650,暂无,商业&思维方法&广告&思维&互联网&注意力&商业管理&社会,天下雜誌
https://book.douban.com/subject/5415644/,https://img1.doubanio.com/view/subject/s/public/s9623057.jpg,蔚蓝诡计, ,8.2,561人,（美）乔治•路易斯、比尔•皮茨 / 何辉 / 华文出版社 / 2010-12-22 / 49.80元,在本书中，乔治•路易斯用自己几十年的传奇职业生涯作为证据，说明了什么是真正的大创意。他从一个广告人的视角，记述了大量鲜活生动的广创意故事，这些故事不仅反映了... ,广告&创意&传播&amp;创意&amp;营销&营销&文案&设计&商业&广告学,华文出版社
https://book.douban.com/subject/35035099/,https://img9.doubanio.com/view/subject/s/public/s33628176.jpg,疯传：让你的产品、思想、行为像病毒一样入侵（经典平装版）, ,7.9,51人,［美］乔纳·伯杰（Jonah Berger） / 电子工业出版社 / 2020-6 / 58.00元,暂无,营销&商业&心理学&广告&产品经理&美国&子&好书，值得一读,电子工业出版社
https://book.douban.com/subject/30136330/,https://img1.doubanio.com/view/subject/s/public/s29682567.jpg,如何让他买：改变消费者行为的十大策略,改变消费者行为的十大策略,8.4,341人,亚当·费里尔、珍妮弗·弗莱明 / 王直上 / 中信出版社 / 2018-1-1 / 58,暂无,营销&商业&销售&经济学&心理学&广告&好书，值得一读,中信出版社
https://book.douban.com/subject/35440667/,https://img9.doubanio.com/view/subject/s/public/s33912534.jpg,广告的形象构建：商业中的语言与视觉符码, ,7.4,12人,[美] 费恩·L. 约翰逊 / 庞惠莲 / 拜德雅 | 重庆大学出版社 / 2021-8 / 65.00元,暂无,广告&视觉文化&文化研究&图像学&艺术理论&视觉&拜德雅,拜德雅 | 重庆大学出版社
https://book.douban.com/subject/3162179/,https://img9.doubanio.com/view/subject/s/public/s3202355.jpg,一个广告人的自白, ,8.5,1734人,大卫·奥格威 / 林桦 / 中信出版社 / 2008-9 / 36.00元,如果一个中国广告人只知道一个外国广告人的名字，他知道的多半会是大卫•奥格威；同样，如果只知道一本广告经典，那本书多半就是《一个广告人的自白》。奥格威和《一个... ,广告&奥格威&一个广告人的自白&营销&传记&传媒&传播学&传播,中信出版社
https://book.douban.com/subject/20395644/,https://img1.doubanio.com/view/subject/s/public/s24461847.jpg,大量流出, ,7.6,886人,许舜英 / 广西师范大学出版社 / 2012-12 / 98.00元,就文字来说，《大量流出》是一种可称之为“许舜英文体”的呈现，如果大家够熟悉意识形态的广告，就了解那种特殊文体的魅力，似诗非诗，像一则则的偈语，透过影像文字和... ,许舜英&广告&文化&台湾&时尚&文案&广西师大出版社&社会学,广西师范大学出版社
https://book.douban.com/subject/1894695/,https://img1.doubanio.com/view/subject/s/public/s1871747.jpg,营销管理, ,9.0,2151人,[美] 菲利普·科特勒、[美] 凯文·莱恩·凯勒 / 梅清豪 / 上海人民出版社 / 2006-9 / 78.00元,《营销管理》是一本经典的教科书，一部营销学领域的圣经，一卷惠泽数亿人的巨著，历经四十年考验，营销大师首次携手中生代权威学者，共同打造最新版营销圣经。在全球的... ,营销&营销管理&市场营销&菲利普·科特勒&管理&商业&管理学&销售,上海人民出版社
https://book.douban.com/subject/2363651/,https://img2.doubanio.com/view/subject/s/public/s6871791.jpg,十四堂人生创意课, ,8.1,14873人,李欣频 / 电子工业出版社 / 2008-1 / 26.00,这本书脱胎于李欣频在教授广告创意课时的笔记，在授课时，李欣频认为不需事先准备具体的教程，因为世事变化太快，每周都会有新的生命教材在发生，还来不及写进教科书里... ,李欣频&创意&十四堂人生创意课&广告&成长&启发&生活&台湾,电子工业出版社
https://book.douban.com/subject/26823976/,https://img9.doubanio.com/view/subject/s/public/s28837406.jpg,品牌洗脑（珍藏版）,世界著名品牌只做不说的营销秘密,7.9,638人,[美]马丁•林斯特龙（Martin Lindstrom） / 赵萌萌 / 中信出版社 / 2016-8-1 / 49.00,全球知名品牌营销大师马丁•林斯特龙有一天突然对品牌感到厌倦，他决定以一个普通消费者的身份对品牌进行为期一年的“戒毒”——不购买新的品牌商品。但是，在坚持了6... ,营销&品牌&商业&广告&思维&方法论&经典&好书，值得一读,中信出版社
https://book.douban.com/subject/24738953/,https://img1.doubanio.com/view/subject/s/public/s26816729.jpg,疯狂的简洁, ,6.9,636人,【美】肯·西格尔 / 王岑卉 / 北京联合出版公司 / 2013-7 / 42,暂无,设计&思维&营销&广告&商业&学习成长&新经济,北京联合出版公司
https://book.douban.com/subject/26919762/,https://img1.doubanio.com/view/subject/s/public/s33786468.jpg,畅销的原理,为什么好观念、好产品会一炮而红？,7.8,586人,[爱尔兰] 马修·威尔科克斯（Matthew Willcox） / 包云波 / 后浪丨北京联合出版公司 / 2020-12 / 46.00元,暂无,营销&商业&心理学&思维&经济学&广告&经管&行为学,后浪丨北京联合出版公司
https://book.douban.com/subject/35431378/,https://img9.doubanio.com/view/subject/s/public/s33883976.jpg,创作者, ,7.7,331人,张宁 / 湖南文艺出版社 / 2021-4-1 / 68.00元,暂无,自媒体&知乎&写作&商业&成长&新经济&广告&中国,湖南文艺出版社
https://book.douban.com/subject/20413922/,https://img3.doubanio.com/view/subject/s/public/s24461990.jpg,视觉锤,视觉时代的定位之道,7.1,1191人,（美）劳拉•里斯 / 王刚 / 机械工业出版社 / 2012-12 / 49.00元,暂无,营销&定位&视觉设计&商业&设计&市场营销&品牌&广告,机械工业出版社
https://book.douban.com/subject/26870611/,https://img1.doubanio.com/view/subject/s/public/s29032547.jpg,超级符号就是超级创意（全彩增订版）,席卷中国市场14年的华与华战略营销创意方法,8.3,814人,华杉、华楠 / 江苏凤凰文艺出版社 / 59.90,“华与华方法”的只言片语在营销界流传已广，“超级符号”“品牌寄生”等词汇也被越来越多的营销人知道、理解和应用，但作为本土营销界首次成体系的营销思想，十余年来... ,营销&广告&商业&品牌&经管&经典&创意&好书，值得一读,江苏凤凰文艺出版社
https://book.douban.com/subject/30157243/,https://img2.doubanio.com/view/subject/s/public/s29703882.jpg,如何把产品打造成有生命的品牌,跟广告鬼才叶明桂学品牌的技术与艺术,7.5,796人,叶明桂 / 中信出版社 / 2018-2 / 42.00元,暂无,广告&品牌&营销&创意&奥美&文案&设计&2018,中信出版社
https://book.douban.com/subject/35236126/,https://img1.doubanio.com/view/subject/s/public/s33752237.jpg,那些想红的年轻人,自媒体人生存指南,8.1,180人,G 僧东、林仙子 / 民主与建设出版社 / 2020-11 / 45.00,暂无,自媒体&创业&广告&科普读物&中国,民主与建设出版社
https://book.douban.com/subject/30412849/,https://img2.doubanio.com/view/subject/s/public/s29958351.jpg,文案变现,写出有效文案的四个黄金步骤,7.7,519人,叶小鱼 / 东方出版中心 / 2019-1-1 / 49.80元,暂无,文案&写作&新媒体&广告&营销&营销策划&学习&我想读这本书,东方出版中心
https://book.douban.com/subject/35149278/,https://img2.doubanio.com/view/subject/s/public/s33691871.jpg,瘾 让人上瘾的产品、广告背后的秘密, ,6.4,113人,吴文芳 / 北京时代 / 2020-8 / 45.00,暂无,广告&艺术设计&自我提升&思维方式&传媒&社会学&2021&上瘾,北京时代
https://book.douban.com/subject/35304762/,https://img2.doubanio.com/view/subject/s/public/s33806462.jpg,人心红利,存量博弈下的企业增长方法论,6.7,237人,江南春 / 中信出版集团 / 2021-1-1 / 56,传承40余年的国产老品牌，如何突破消费者心中的“还行”印象，强势归来？只在小资人群中流行的新兴品牌，如何破界获客？业界排名靠后的品牌，如何逆转市场“老大”的... ,营销&广告&商业&策略&管理&樊登读书会&投资&中信,中信出版集团
https://book.douban.com/subject/35434427/,https://img1.doubanio.com/view/subject/s/public/s33876347.jpg,DTC创造品牌奇迹,把产品直接卖给消费者,7.8,82人,劳伦斯·英格拉西亚（Lawrence Ingrassia） / 汤文静 / 天津科学技术出版社 / 2021-4 / 89.90,● 从当下关注度极高，并且已经大获成功的DTC品牌，如美元剃须俱乐部、沃比帕克眼镜、卡斯珀床垫等入手，揭示了如何将DTC运营模式与现代技术完美结合，让新品牌... ,商业&品牌&商业模式&营销&运营&广告&微信读书&艺术设计,天津科学技术出版社
https://book.douban.com/subject/35521403/,https://img9.doubanio.com/view/subject/s/public/s33943274.jpg,故事营销, ,8.5,84人,徐图图 / 天津人民出版社 / 2021-3-1 / 56元,暂无,广告&创意&故事&讲故事&营销&文学&艺术&电影,天津人民出版社
https://book.douban.com/subject/33462201/,https://img9.doubanio.com/view/subject/s/public/s32331254.jpg,科学的广告,Scientific Advertising,8.0,234人,【美】克劳德·霍普金斯 / 史雷 / 上海文化出版社 / 2019-6-1 / 58.00,暂无,广告&营销&传播学&好书，值得一读&外国文学&设计&歐美,上海文化出版社
https://book.douban.com/subject/26437067/,https://img2.doubanio.com/view/subject/s/public/s29343272.jpg,文案训练手册,广告文案、网站编辑、淘宝微商，提升效率与业绩的必备教材，来自美国,7.5,841人,约瑟夫·休格曼 / 杨紫苏、张晓丽 / 中信出版社 / 2015-7-1 / CNY 45.00,暂无,文案&文案写作&营销&广告&写作&工具书&传播学&商业,中信出版社
https://book.douban.com/subject/35221772/,https://img9.doubanio.com/view/subject/s/public/s33744285.jpg,幕后大脑,100位总监解100个营销难题（特别定制版）,7.8,174人,陈耀福、陈绍团、关健明、叶明桂、丰信东、赵宁、熊超、李欣频、樊苗林、空手 / 主编：鬼鬼 丁和珍 / 东方出版社 / 2020-10 / 132.00元,暂无,广告&文案&好书，值得一读&艺术设计,东方出版社
https://book.douban.com/subject/35644019/,https://img1.doubanio.com/view/subject/s/public/s34031509.jpg,PROPOSER——提案者, ,8.3,21人,TOPYS / 广西师范大学出版社 / 2021-8 / 88,暂无,创意&广告&设计&访谈&建筑&艺术,广西师范大学出版社
https://book.douban.com/subject/1843327/,https://img2.doubanio.com/view/subject/s/public/s5775811.jpg,当代广告学（上下册）,（第8版·上下册）,8.5,213人,[美] 阿伦斯（Arens.W.F.）、丁俊杰、程坪、钟静、康瑾 / 人民邮电 / 2006-6 / 58.00元,"当代广告学（上下册 第8版 通用教材版），ISBN：9787115149022，作者：（美）阿伦斯（Arens,W.F.） 著，丁俊杰，程坪，钟静，康瑾 译... ",广告学&广告&营销&教材&传播学&专业书&新闻传播&商业,人民邮电
https://book.douban.com/subject/35404928/,https://img9.doubanio.com/view/subject/s/public/s33866416.jpg,奥美的观点8 赢在公关,创造品牌影响力,8.3,112人,奥美集团 / 中信出版集团 / 2021-4 / 68.00,自2013年以来，全球营销环境和行业发生了巨大的变化。因应这一变化，奥美内各营销专业的工作边界都得到了拓展，工作方式和手法也更为多元，随之而来的是更为热烈、... ,公关&奥美&品牌&营销&广告&创意&观点&文案,中信出版集团
https://book.douban.com/subject/26704121/,https://img1.doubanio.com/view/subject/s/public/s28378959.jpg,科学的广告+我的广告生涯,现代广告巨擘穷其一生的经验总结，影响大卫•奥格威人生的百年经典。,8.2,133人,【美】克劳德·霍普金斯 / 李宙、章雅倩 / 2016-1-1 / 58,暂无,广告&营销&商业&思维&销售&文案&运营&美国, 
https://book.douban.com/subject/27155161/,https://img2.doubanio.com/view/subject/s/public/s29560341.jpg,定位：争夺用户心智的战争（经典重译版）,争夺用户心智的战争,7.1,121人,[美]艾·里斯（Al Ries）、杰克·特劳特（Jack Trout） / 邓德隆、火华强 / 机械工业出版社 / 2017-10 / 59.00,暂无,营销&市场营销&定位&战略&广告&商业&经典&管理,机械工业出版社
https://book.douban.com/subject/30411491/,https://img9.doubanio.com/view/subject/s/public/s29956806.jpg,品牌公关实战手册(姐夫李的20年公关方法论)(精),(姐夫李的20年公关方法论),7.4,237人,李国威 / 中信出版社 / 2018-12 / 58,暂无,公关&品牌&营销&PR&商业&市场&广告&文学,中信出版社
https://book.douban.com/subject/27114728/,https://img2.doubanio.com/view/subject/s/public/s29517792.jpg,程序化广告实战,私有化程序购买领域的布道者的一线实战笔记,8.0,170人,吴俊 / 机械工业出版社 / 2017-8-15 / 79.00元,中国程序化广告领域领袖级专家，私有化程序购买领域的布道者的一线实战笔记，宋星等近20位专家联袂推荐。从业务和技术双重视角系统讲解程序化广告的理论、知识、实践... ,广告&互联网&计算广告&商业&营销&计算机&文案&编程,机械工业出版社
https://book.douban.com/subject/35170054/,https://img9.doubanio.com/view/subject/s/public/s33704325.jpg,小丰广告创作系列, ,7.7,73人,丰信东 / 东方出版社 / 2020-6 / 256.00,暂无,广告&文案&广告文案&营销&商业&工具书&藏书&艺术设计,东方出版社
https://book.douban.com/subject/2364723/,https://img1.doubanio.com/view/subject/s/public/s9206487.jpg,洞人心弦,一个广告人的洞见与事件,8.3,420人,菲尔·杜森伯里 / 宋洁 / 上海远东出版社 / 2008-1 / 35.00元,暂无,广告&创意&营销&智慧&教育&創意,上海远东出版社
https://book.douban.com/subject/30355274/,https://img1.doubanio.com/view/subject/s/public/s29899208.jpg,好文案一句话就够了, ,7.0,803人,【日】川上徹也 / 涂绮芳 / 北京联合出版公司 / 2018-10-1 / 42.00元,暂无,文案&广告&营销&写作&好书，值得一读&日本&我想读这本书&自我成长,北京联合出版公司
https://book.douban.com/subject/26921845/,https://img9.doubanio.com/view/subject/s/public/s29172746.jpg,尖叫感, ,7.3,733人,马楠 / 北京理工大学出版社 / 2016-7 / 56.00元,暂无,文案&广告文案&营销&广告&互联网&好书，值得一读&运营,北京理工大学出版社
https://book.douban.com/subject/27084153/,https://img9.doubanio.com/view/subject/s/public/s29490134.jpg,冲突, ,6.7,525人,叶茂中 / 机械工业出版社 / 2017-7 / 108,暂无,营销&营销策划&广告&市场营销&策划&商业&创意&产品,机械工业出版社
https://book.douban.com/subject/35229619/,https://img2.doubanio.com/view/subject/s/public/s33750123.jpg,信息流广告入门, ,7.3,57人,宁阿姨 / 人民邮电出版社 / 2020-10-26 / 99,信息流广告是一种新的广告形式，主要在内容流中穿插展现，近年来从业人员激增。本书是为即将入行以及刚入行的从业者量身定制的“入门操作手册”，从零开始介绍信息流广... ,广告&互联网&营销&运营&2021&经济学&职场,人民邮电出版社
https://book.douban.com/subject/26851734/,https://img2.doubanio.com/view/subject/s/public/s29151201.jpg,广告说服力,基于实证研究的195条广告原理,7.5,74人,[美] 斯科特·阿姆斯特朗 / 吴国华、林升栋、康瑾、杨松 / 商务印书馆 / 2016-8 / 158.00,斯科特·阿姆斯特朗耗时16年，得到80多人的协助，才写成《广告说服力》这部经典之作。《广告说服力》总结了近3000项实证研究的结果和50本广告类图书的精华，... ,广告&心理学&营销&营销学&说服力&阳志平,商务印书馆
https://book.douban.com/subject/1481803/,https://img9.doubanio.com/view/subject/s/public/s1499475.jpg,广告文案写作,美国广告界奉为圭臬的方案写作全攻略（第7版）,8.0,202人,（美）菲利普·沃德·博顿 / 程坪、丁俊杰 / 世界知识出版社 / 2006 / 46.00元,本书涉猎的范围如此宽泛，为大家提供了各种切实可行的文案写作技巧。同时，本书还非常集中地对文案结构与时间安排进行了详细的论述。这是一本大到包容一场长达50年的... ,广告&文案&广告文案&工具书&写作&营销学&营销&广告学,世界知识出版社
https://book.douban.com/subject/3853342/,https://img3.doubanio.com/view/subject/s/public/s28759760.jpg,广告文案, ,8.0,704人,乐剑峰 / 上海人民美术出版社 / 2009-6-1 / 48.00元,第一本由文案写给文案的倾力之作，揭秘“悍语制造”全过程。作者具有国际4A与本土广告多年资历，兼备实战派与学院派双重优势。书稿脱胎于大学讲课及企业内部培训教案... ,广告&文案&广告文案&创意&教材&设计&专业,上海人民美术出版社
https://book.douban.com/subject/1083654/,https://img1.doubanio.com/view/subject/s/public/s1226239.jpg,百年麦肯, ,6.9,16人,麦肯·光明广告公司 编 / 国际文化出版公司 / 2002-8 / 580.00元,暂无,广告&创意,国际文化出版公司
https://book.douban.com/subject/30281784/,https://img1.doubanio.com/view/subject/s/public/s29827208.jpg,抢占心智,产品与品牌快速崛起的引爆打法,7.6,765人,江南春 / 中信出版集团 / 2018-8 / 58,暂无,营销&广告&商业&商业运营&企业&品牌&好书，值得一读,中信出版集团
https://book.douban.com/subject/30264813/,https://img9.doubanio.com/view/subject/s/public/s29878615.jpg,好忠告,乔治·路易斯写给有才华的你,7.5,321人,[美] 乔治·路易斯 / 老金 / 浦睿文化·湖南人民出版社 / 2018-10 / 56.00元,暂无,广告&创意&思维&文化&设计&励志&奇怪的东西&读书,浦睿文化·湖南人民出版社
https://book.douban.com/subject/35156879/,https://img2.doubanio.com/view/subject/s/public/s33695871.jpg,李欣频的文案课, ,7.5,116人,李欣频 / 浙江人民出版社·磨铁图书 / 2020-8 / 59.8,暂无,文案&李欣频&广告&写作&方法论&文化&工作,浙江人民出版社
https://book.douban.com/subject/30360697/,https://img2.doubanio.com/view/subject/s/public/s29904683.jpg,洞察力：让营销从此直指人心, ,7.2,71人,宇见 / 电子工业出版社 / 2018-10 / 68元,本书以“用户洞察”这一国内营销领域与广大从业者正空前关注、却十分缺乏高质量理论指引的行业痛点为基础，内容精干、紧贴实践、趣味性高，相信会对移动互联网时代的营... ,营销&品牌&广告&市场&运营&互联网&管理&专业,电子工业出版社
https://book.douban.com/subject/34782444/,https://img1.doubanio.com/view/subject/s/public/s33448399.jpg,广告数据定量分析：如何成为一位厉害的广告优化师, ,7.5,60人,齐云涧 / 机械工业出版社 / 2019-7-25 / 79,暂无,广告&数据分析&互联网&数据&干货&软件设计&进阶&豆瓣,机械工业出版社
https://book.douban.com/subject/1033488/,https://img2.doubanio.com/view/subject/s/public/s1596193.jpg,公关第一 广告第二, ,6.9,1097人,[美] 阿尔·里斯、劳拉·里斯 / 罗汉、虞琦 / 上海人民出版社 / 2004-04 / 32.00元,"《公关第一,广告第二》是美国当代营销大师阿尔·里斯及其女儿劳拉·里斯2002年的新作。这部著作体现了阿尔·里斯营销思想的一个新理念。作者认为当今的市场营销首... ",公关&广告&营销&品牌&市场营销&PR,上海人民出版社
https://book.douban.com/subject/34632472/,https://img9.doubanio.com/view/subject/s/public/s33448864.jpg,在线广告,互联网广告系统的架构及算法,6.8,64人,张亚东 / 清华大学出版社 / 69.8元,在线广告是一个多学科交融的领域，本书力求系统地讲解在线广告的架构和算法，让读者对在线广告有一个整体的认识。全书共15章，第1~3章介绍在线广告的发展简史、样... ,广告&计算广告&科普&营销&产品经理&中国&计算机&新闻传播,清华大学出版社
https://book.douban.com/subject/1454371/,https://img2.doubanio.com/view/subject/s/public/s9996932.jpg,广告创意完全手册,世界顶级广告的创意与技巧,8.4,175人,（德）普瑞根 / 初晓英 / 中国青年出版社 / 2005-7 / 138.00,　　这是一本关于伟大创意的手册。作者希望读者由此学会创造性思维，从而获得点石成金的能力。这个目标让人怦然心动，但也显得有点野心勃勃。本书将会介绍一些创意大师... ,广告&创意&广告创意&设计&专业书籍&创新&文案&视野,中国青年出版社
https://book.douban.com/subject/10550565/,https://img2.doubanio.com/view/subject/s/public/s9034412.jpg,不做总统就做广告人,现代广告之父”拉斯克尔和他创造的广告世纪,8.2,52人,阿瑟.舒尔茨、杰弗里.库鲁圣 / 王晓鹂 / 中信出版社 / 2012-4-6 / 58.00元,暂无,广告&创意&传记&营销&人物传记&经典&美国,中信出版社
https://book.douban.com/subject/27078994/,https://img3.doubanio.com/view/subject/s/public/s29484670.jpg,文案之神尼尔·法兰奇,40年传奇广告生涯经典作品集,6.2,223人,Neil French、［英］尼尔·法兰奇 / 鬼鬼、蔡梦荻、刘磊 / 广东经济出版社 / 2017-6 / 160.00元,暂无,文案&广告&创意&经典&广告文案,广东经济出版社
https://book.douban.com/subject/27609916/,https://img1.doubanio.com/view/subject/s/public/s33551239.jpg,营销革命 4.0,从传统到数字,7.6,390人,[美] 菲利普·科特勒（Philip Kotler）、[印尼] 何麻温·卡塔加雅（Hermawan Kartajaya）、[印尼] 伊万·塞蒂亚万（Iwan Setiawan） / 王赛 / 机械工业出版社 / 2018-1 / 45.00,暂无,营销&市场营销&商业&市场&广告&品牌&管理学&工具书,机械工业出版社
https://book.douban.com/subject/34851981/,https://img9.doubanio.com/view/subject/s/public/s33496595.jpg,如何写出高转化率文案, ,8.1,244人,[英] 安迪·马斯伦、Andy Maslen / 邱匀 / 后浪丨大象出版社 / 2019-11 / 48.00元,暂无,文案&写作&广告&营销&技巧&职场&销售&学习,后浪丨大象出版社
https://book.douban.com/subject/1193831/,https://img1.doubanio.com/view/subject/s/public/s1745288.jpg,创意,广告学教父的巅峰之作，所有生产创意的人的枕边书,8.2,635人,[美] 詹姆斯·韦伯·扬 / 李旭大 / 中国海关出版社 / 2004-10 / 24.00元,并不是每一个人都能将自己的梦想变为现实，产是因为他们不够聪明、不够坚持，而是因为他们没有掌握方法。为什么那些资深创意人总是要比那些创意新人的好想法多一些，难... ,创意&广告&策划&广告学&设计&营销&商业&设计理论,中国海关出版社
https://book.douban.com/subject/35290773/,https://img1.doubanio.com/view/subject/s/public/s33788287.jpg,创意有魔力：如何想出好点子, ,8.0,44人,罗里·萨瑟兰 / 李海亭 / 中信出版集团 / 2021-1 / 65.00元,首先，你需要问自己下面这些问题：经济学家的理论真的能解释人类行为吗？人类的行为是都符合逻辑的吗？为什么我们会做出不理性和不合逻辑的行为？大数据分析真的能反映... ,商业&心理&创意&行为经济学&进化心理学&艺术设计&广告&微信读书,中信出版集团
https://book.douban.com/subject/5914498/,https://img1.doubanio.com/view/subject/s/public/s6280098.jpg,文案发烧, ,7.4,850人,[美]路克•苏立文 / 赵萌萌 / 中国人民大学出版社 / 2010-12 / 49.80元,这是一本非常有意思的书：诙谐幽默，见解深刻，内容丰富，读来令人狂笑不止。你可以用几个小时读完这本书，在你不笑的时候，你就会开始为自己绘制立足于广告领域的蓝图... ,文案&广告&传播&amp;创意&amp;营销&创意&营销&美国&经管,中国人民大学出版社
https://book.douban.com/subject/1011617/,https://img1.doubanio.com/view/subject/s/public/s28024119.jpg,蔚蓝诡计,颠覆市场的广告创意智库,8.2,854人,（美）乔治·路易斯（George Lois）、（美）比尔·匹兹（Bill Pitts） / 刘家驯 / 海南出版社 / 1996-11-01 / 15.80元,这本书是路易劳动保护四十年广告创意生涯的总结。透过他具有传奇性及争议性的广千创造活动，形象生动地传授了广告创意人如何运用各种手段使创意冲破藩篱，飞天入地。本... ,广告&创意&策划&传播&营销,海南出版社
https://book.douban.com/subject/30194615/,https://img2.doubanio.com/view/subject/s/public/s29740181.jpg,注意力经济: 如何把大众的注意力变成生意,如何把大众的注意力变成生意,7.4,158人,吴修铭 / 中信出版集团股份有限公司 / 2018-4-1 / 69,暂无,互联网&营销&商业&新经济&心理学&注意力&经济学&广告,中信出版集团股份有限公司
https://book.douban.com/subject/30203453/,https://img2.doubanio.com/view/subject/s/public/s29748961.jpg,勾癮,創造品牌幻想，從心理學與腦神經科學解構行銷創意，觸發消費渴望,7.9,26人,Daryl Weber / 戴至中 / 寶鼎 / 2017-7 / TWD350,暂无,广告&营销&设计&品牌&认知精进&美国&設計,寶鼎
https://book.douban.com/subject/5423082/,https://img9.doubanio.com/view/subject/s/public/s4621814.jpg,当代广告学,（第11版）,8.6,125人,(美)威廉·阿伦斯、迈克尔·维戈尔德、克里斯蒂安·阿伦斯 / 丁俊杰、程坪、陈志娟 / 人民邮电出版社 / 2010-10 / 398.00元,《当代广告学(第11版)(银婚纪念版)》是一部源于美国畅销于全球的广告学教科书，自第一版始，先后被翻译成法语、西班牙语、俄语、韩语、汉语等多种文字出版发行，... ,广告&广告学&营销&文案&教材&设计&美国&新闻,人民邮电出版社
https://book.douban.com/subject/27032582/,https://img9.doubanio.com/view/subject/s/public/s29884156.jpg,文案圣经,如何写出有销售力的文案,7.2,590人,[美] 克劳德•霍普金斯 / 姚静 / 中国友谊出版公司 / 2017-5 / 48,暂无,文案&广告学&营销&广告&好书，值得一读&我想读这本书&想读，一定很精彩！&想读,中国友谊出版公司
https://book.douban.com/subject/34950180/,https://img3.doubanio.com/view/subject/s/public/s33583160.jpg,十个为什么,广告营销哲学十堂课,6.5,36人,陈国辉 / 广西师范大学出版社 / 2020-1 / 88.00元,本书从十个方面对广告行业的现状进行了深度剖析。互联网 的时代如何进行营销？如何根据品牌特性和消费者群体进行创意输出？如何在众多作品中脱颖而出？作者针对目前的... ,广告&艺术设计&广西师范大学出版社&中国&藏书&子,广西师范大学出版社
https://book.douban.com/subject/6753830/,https://img9.doubanio.com/view/subject/s/public/s27266965.jpg,文案训练手册, ,7.7,1426人,[美] 约瑟夫·休格曼 / 杨紫苏、张晓丽 / 中信出版社 / 2011-8 / 48.00元,精彩的文案是广告业的核心和灵魂，无论是对印刷品、电视、广播，或者任何其他媒介而言。在这本《文案训练手册》中，传奇的文案作家、广告人约瑟夫•休格曼提供了经过验... ,文案&广告&营销&工具书&写作&创意&工作需要&美国,中信出版社
https://book.douban.com/subject/34988807/,https://img9.doubanio.com/view/subject/s/public/s33619376.jpg,顶尖文案,188种走心广告句式,5.9,37人,汪豪、尹雨诗 / 电子工业出版社 / 2020-1-1 / 68,文案是广告的“点睛之笔”，文案人员通过产品、市场和消费者的洞察，以巧妙的文字组合，激荡消费者的情感内心，作者将这些绝妙的文字组合，总结为188种广告走心句式... ,广告文案&文案&广告&商业&运营&藏书&营销&子,电子工业出版社
https://book.douban.com/subject/6507059/,https://img9.doubanio.com/view/subject/s/public/s6484904.jpg,10堂量子创意课,北大爆棚公开课，揭秘创意原点,8.0,1281人,李欣频 / 云南美术出版社 / 2011-5-1 / 25.00元,暂无,李欣频&创意&思维模式&思维&广告&文案&台湾&方法论,云南美术出版社
https://book.douban.com/subject/6851648/,https://img9.doubanio.com/view/subject/s/public/s6942155.jpg,迷恋,如何让你和你的品牌粉丝暴增,7.3,559人,[美]莎莉·霍格斯黑德 / 邱璟旻 / 中华工商联合出版社有限责任公司 / 2011-11-1 / 39.90元,暂无,营销&心理&品牌&商业&心理学&行为经济学&思维&沟通,中华工商联合出版社
https://book.douban.com/subject/33387082/,https://img2.doubanio.com/view/subject/s/public/s32273051.jpg,克莱普纳广告学, ,暂无,少于10人,【美】W.罗纳德·莱恩、卡伦·怀特希尔·金、汤姆•赖克特 / 程言、王佳雯 / 中国人民大学出版社 / 2019-3 / 498,《克莱普纳广告学》阐述的是美国广告界著名营销学者奥托·克莱普纳（1899-1982）的广告理念。克莱普纳先生因在广告教育上的突出贡献而荣获尼克尔斯杯（即现在... ,广告学&广告&美国&SaS&社会&akb,中国人民大学出版社
https://book.douban.com/subject/3063888/,https://img9.doubanio.com/view/subject/s/public/s3125924.jpg,我的广告生涯&amp;科学的广告, ,8.5,895人,克劳德·霍普金斯 / 邱凯生 / 中国人民大学出版社 / 2008-4 / 45.00元,暂无,广告&营销&广告学&经典&商业&文案&Marketing,中国人民大学出版社
https://book.douban.com/subject/30354012/,https://img1.doubanio.com/view/subject/s/public/s29897929.jpg,广告副作用（全二册）, ,7.4,75人,李欣频 / 中信出版集团 / 2018-9 / 159.00元,《广告副作用（全二册）》是台湾“文案天后”李欣频的广告文案作品集，分为“商业篇”与“艺文篇”。其中“商业篇”收录了作者为诚品书店、中兴百货等众多企业创作的诸... ,广告&文案写作&文案&李欣频&创意&广告创意&中国文学&藏书,中信出版集团
https://book.douban.com/subject/26328689/,https://img1.doubanio.com/view/subject/s/public/s28010808.jpg,商业设计,通过设计思维构建公司持续竞争优势,8.0,57人,"罗杰·马丁 (Roger Martin) / 李志刚 (译者), 于晓蓓 (译者) / 机械工业出版社 / 2015-1-5 / 45.00",《商业设计:通过设计思维构建公司持续竞争优势》内容简介：书中，罗杰•马丁提出了一种全新的思维模式，人们完全可以通过运用该模式来有效平衡新知识探索活动（创新）... ,设计思维&商业&设计&思维&管理&市场营销&广告&创新,机械工业出版社
https://book.douban.com/subject/26865278/,https://img1.doubanio.com/view/subject/s/public/s29083857.jpg,互联网DSP广告揭秘,精准投放与高效转化之道,6.5,100人,曲海佳 / 人民邮电出版社 / 39.00,程序化交易广告自从进入中国市场之后就一直呈现蓬勃发展的态势，大大小小的DSP公司也如雨后春笋般层出不穷，但DSP，AdX等概念对于国内绝大多数行业的广告主（... ,广告&技术&工具书,人民邮电出版社
https://book.douban.com/subject/20395651/,https://img9.doubanio.com/view/subject/s/public/s28627886.jpg,我不是一本型录, ,7.6,1513人,许舜英 / 广西师范大学出版社 / 2012-12 / 48.00元,暂无,许舜英&设计&广告&生活美学&台湾&时尚&文化&生活,广西师范大学出版社
https://book.douban.com/subject/1889450/,https://img1.doubanio.com/view/subject/s/public/s1831989.jpg,赖声川的创意学, ,7.8,3021人,赖声川 / 中信出版社 / 2006-9 / 36.00元,暂无,创意&赖声川&艺术&设计&戏剧&文化&台湾&广告,中信出版社
https://book.douban.com/subject/26579629/,https://img9.doubanio.com/view/subject/s/public/s28263866.jpg,品牌大师,塑造成功品牌的20条法则,7.0,114人,【美】戴维•阿克、王宁子 / 中信出版社 / 2015-7-1 / 48,暂无,品牌&营销&商业&战略&经管&中信出版社&广告&设计,中信出版社
https://book.douban.com/subject/6047919/,https://img2.doubanio.com/view/subject/s/public/s6309853.jpg,感官品牌, ,7.4,263人,[美] 马丁·林斯特龙 / 赵萌萌 / 天津教育出版社 / 2011-3 / 35.00,在消费者变得越来越挑剔、同质化商品层出不穷、广告战愈演愈烈的环境下，如何让自己的产品和广告突出重围，让自己的品牌长盛不衰？全球品牌大师马丁·林斯特龙向我们揭... ,营销&品牌&广告&商业&设计&市场营销&管理,天津教育出版社
https://book.douban.com/subject/35660731/,https://img1.doubanio.com/view/subject/s/public/s34043277.jpg,创意72变,72招让广告小白变创意高手,暂无,少于10人,丁和珍 / 河南大学出版社 / 2021-11-1 / 128,如果你刚入行，如果你灵感有点枯竭，如果你提案一直没过，如果你觉得没有更好的idea，如果你怀疑自己，如果你想有点改变，如果你没时间带人，如果你想系统梳理自检... ,广告&设计&艺术设计&创意,河南大学出版社
https://book.douban.com/subject/30377655/,https://img2.doubanio.com/view/subject/s/public/s29921923.jpg,吸金广告文案写作训练手册, ,5.5,34人,朱雪强 / 民主与建设出版社 / 2018-3-1,《吸金广告文案写作训练手册》主要针对广告文案初学者而作，从广告文案的基本概念、广告文案撰稿人的能力要求到广告文案各环节的写作技巧都有涉及，并且包含了大量改编... ,文案&广告&实用&写作&传播学&营销&思维,民主与建设出版社
https://book.douban.com/subject/1482762/,https://img9.doubanio.com/view/subject/s/public/s1643526.jpg,"Whatever You Think, Think the Opposite", ,8.3,170人,Paul Arden / Portfolio / 2006-4-1 / GBP 11.65,暂无,創意&励志&英文原版&心理学&心理&广告&设计&创意,Portfolio
https://book.douban.com/subject/3192038/,https://img9.doubanio.com/view/subject/s/public/s5932944.jpg,广告心理, ,7.7,364人,[日]仁科贞文 / 外语教学与研究出版社 / 2008-7 / 30.00元,《广告心理：电通广告丛书》并未刻意构筑贯穿全书的统一理论体系，而是把重点放在了对特定概念的详细解说方面。第一版广告读本《广告心理》（朝仓利景著1962年）是... ,广告&心理学&营销&日本&品牌&心理&文案&设计,外语教学与研究出版社
https://book.douban.com/subject/35079917/,https://img9.doubanio.com/view/subject/s/public/s34022975.jpg,华与华方法,企业经营少走弯路、少犯错误的九大原理,8.6,419人,华杉、华楠 / 文汇出版社 / 2020-7 / 68,最高的效率是不返工，最快的进步是不退步。企业经营走正道，才能少走弯路、少犯错误。18年来，华与华始终与中国最优秀的本土企业同行，参与了上百家企业从0到1，从... ,商业&营销&经营&企业&效率&领导力&好书，值得一读&读客,文汇出版社
https://book.douban.com/subject/5269231/,https://img9.doubanio.com/view/subject/s/public/s4471744.jpg,广告创意与表现-方法与案例解析,方法与案例解析,9.4,27人,尹小龙 / 山东文艺出版社 / 2010 / 25,广告是一种商业活动，也是一门艺术，具有其他学科无法替代的独特性。在当今物质化、信息化并重的时代，如何形成一套更为有效的训练方案，培养优秀的创意能力，是多年以... ,广告&广告学&创意&设计&营销&文案&艺术,山东文艺出版社
https://book.douban.com/subject/1484018/,https://img2.doubanio.com/view/subject/s/public/s2130873.jpg,中兴百货广告作品全集,中兴百货与意识形态广告公司,8.7,334人,许舜英 / 湖南美术出版社 / 2001-10 / 138.00元,书中收录12年来意识形态为中兴百货操作的201张全系列平面广告作品，18部电视广告经典影片，以及四位广告精英人物的精神讲话，解开中兴百货广告的深层意识地带。... ,广告&文案&许舜英&意识形态&创意&台湾&经典,湖南美术出版社
https://book.douban.com/subject/33401075/,https://img9.doubanio.com/view/subject/s/public/s32285346.jpg,精准投放,个性化数字广告一册通,暂无,少于10人,[美] 迪亚兹·耐萨蒙奈 / 中国人民大学出版社 / 2019-4 / 65.00元,这本实战手册介绍了个性化数字广告所涉及的动态广告的核心概念、投放时机、制作过程以及应用技术，就大数据、程序化平台、广告格式以及创意，为读者提供了全面的解决方... ,广告&营销&商业,中国人民大学出版社
https://book.douban.com/subject/1049727/,https://img2.doubanio.com/view/subject/s/public/s1182911.jpg,我的广告生涯·科学的广告, ,8.6,475人,霍普金斯 / 邱凯生 / 新华出版社 / 1998-6 / 19.80元,暂无,广告&营销&经典&商业&必读&管理&广告学,新华出版社
https://book.douban.com/subject/25663745/,https://img1.doubanio.com/view/subject/s/public/s26968847.jpg,22条商规,美国CEO最怕竞争对手读到的商界奇书,8.0,500人,（美）艾•里斯（Al Ries）、杰克•特劳特（Jack Trout） / 寿雯 / 机械工业出版社 / 2013-8 / 35.00,1972年，里斯和特劳特在《广告时代》上发表《定位新纪元》系列文章，将“定位”一词带入人们的视野，1980年《定位》出版，迅速风靡欧美，成为营销领域的“工业... ,营销&商业&定位&管理&经营管理&特劳特&经济学&广告,机械工业出版社
https://book.douban.com/subject/27036938/,https://img3.doubanio.com/view/subject/s/public/s29443010.jpg,文案创作完全手册,文案大师教你一步步写出销售力,7.3,256人,[美] 罗伯特·布莱、Robert W.Bly / 刘怡女、袁婧 / 后浪丨北京联合出版公司 / 2017-6 / 88.00元,暂无,文案写作&文案&写作&工具书&广告&营销&技能&后浪,后浪丨北京联合出版公司
https://book.douban.com/subject/34904845/,https://img2.doubanio.com/view/subject/s/public/s33530222.jpg,超级符号就是超级创意：席卷中国市场17年的华与华战略营销创意方法（第三版）, ,7.8,106人,华杉、华楠 / 江苏凤凰文艺出版社 / 2019-12-1 / 74.9元,“华与华方法”的只言片语在营销界流传已广，“超级符号”“品牌寄生”等词汇也被越来越多的营销人知道、理解和应用，但作为本土营销界成体系的营销思想，十余年来，“... ,营销&广告&品牌&方法论&管理&商业&企业&2019,江苏凤凰文艺出版社
https://book.douban.com/subject/26948878/,https://img2.doubanio.com/view/subject/s/public/s29272581.jpg,数字时代的营销战略, ,6.0,81人,曹虎、王赛、乔林、【美】艾拉·考夫曼 / 机械工业出版社 / 2017-1 / 99.00元,菲利普•科特勒说，市场比市场营销变得更快（Market changes faster than Marketing），在这个变革的时代，从硅谷、波士顿到北京... ,营销&互联网&营销管理&广告&管理&商业&艺术设计,机械工业出版社
https://book.douban.com/subject/26655503/,https://img2.doubanio.com/view/subject/s/public/s28338911.jpg,那些让文案绝望的文案,“80篇甲壳虫经典广告原图、原文”+“戛纳广告节铜狮奖获得者、前奥美,5.7,949人,小马宋 / 北京联合出版公司 / 2015-10 / 45,暂无,文案&广告&营销&文案写作&策划&互联网&运营&销售,北京联合出版公司
https://book.douban.com/subject/25958166/,https://img1.doubanio.com/view/subject/s/public/s27402589.jpg,吸金广告,史上最赚钱的文案写作手册,7.5,555人,[美] 德鲁·埃里克·惠特曼 / 焦晓菊 / 江苏人民出版社 / 2014-8-1 / 38.00元,几乎每个人都知道广告的重要性，但很少人懂得怎样的广告才能发挥作用。本书开篇就明确告诉读者，商业广告的目的就是为了赚钱，只有能说服顾客掏钱的广告才是有效的广告... ,广告&营销&文案&市场营销&商业&写作&工具书,江苏人民出版社
https://book.douban.com/subject/24530309/,https://img3.doubanio.com/view/subject/s/public/s26540390.jpg,一个媒体推手的自白,揭露营销神话背后的真相,7.4,304人,瑞安·霍利迪 / 潘丽君 / 广东人民出版社 / 2013-6 / 38.00元,《一个媒体推手的自白:揭露营销神话背后的真相》内容简介：媒体世界并不是非黑即白，它存在着大量的灰色地带，而顶级的媒体推手们总能从简单的事件里嗅出商机和唾手可... ,营销&媒体&网络营销&互联网&广告&传媒&传播学&新闻,广东人民出版社
https://book.douban.com/subject/1396512/,https://img9.doubanio.com/view/subject/s/public/s5723455.jpg,广告创意与文案, ,8.5,229人,乔治·费尔顿 / 中国人民大学出版社 / 2005-5 / 39.80元,《广告创意与文案》(中文版)分三部分。第一部分讲广告战略，内容包括创作广告战略、研究产品、了解消费行为、分析市场、介绍战略种类等。第二部分讲实施，内容涉及标... ,广告&文案&广告创意&创意&广告学&传播&设计&营销,中国人民大学出版社
https://book.douban.com/subject/3820857/,https://img2.doubanio.com/view/subject/s/public/s4342143.jpg,公关造势与技巧,通向21世纪的桥梁,8.2,18人,[美]弗兰·R.迈特 / 欧阳旭东 / 中国人民大学出版社 / 2009-6 / 38.00元,《公关造势与技巧:通向21世纪的桥梁》展望了公共关系在21世纪中将发挥的重要作用，并着重论述了新技术采用、公关活动趋势和公关功能全球化等该领域当前最关注的问... ,公关&PR&营销&管理&传播&广告&大众传播&新闻学,中国人民大学出版社
https://book.douban.com/subject/35591855/,https://img9.doubanio.com/view/subject/s/public/s33990224.jpg,玩转苹果流量生态：解锁App流量新密码, ,9.5,33人,史建刚 著、阳志平 主编 / 电子工业出版社 / 2021-9-1 / 44.00元,暂无,互联网&运营&苹果&搜索&思维&广告&产品,电子工业出版社
https://book.douban.com/subject/26915654/,https://img9.doubanio.com/view/subject/s/public/s29152745.jpg,广告文案,文案人的自我修炼手册,7.5,367人,乐剑峰 / 中信出版社 / 2016-11 / 58,暂无,文案&广告&广告文案&营销&写作&技巧&好书，值得一读&策划,中信出版社
https://book.douban.com/subject/5966160/,https://img1.doubanio.com/view/subject/s/public/s28268467.jpg,許舜英購物日記, ,8.2,314人,許舜英 / 漫遊者文化事業股份有限公司 / 2011-1-27 / NT$340,暂无,台湾&广告&时尚&许舜英&台灣&杂文&文案&現代文學,漫遊者文化事業股份有限公司
https://book.douban.com/subject/30335315/,https://img2.doubanio.com/view/subject/s/public/s29878621.jpg,无论你在想什么，反过来想想, ,6.9,292人,[英]保罗·亚顿 / 陈垦 / 浦睿文化·湖南人民出版社 / 2018-10 / 50.00元,暂无,创意&广告&思维&思维方法&文化&读书&奇怪的东西&励志,浦睿文化·湖南人民出版社
https://book.douban.com/subject/30335327/,https://img2.doubanio.com/view/subject/s/public/s29878631.jpg,关键不是你现在有多棒，而是你想成为多棒的人, ,6.8,189人,[英]保罗·亚顿 / 张伟 / 浦睿文化·湖南人民出版社 / 2018-10 / 48.00元,暂无,创意&广告&励志&运营&文化&读书&浦睿文化&英国,浦睿文化·湖南人民出版社
https://book.douban.com/subject/5249396/,https://img9.doubanio.com/view/subject/s/public/s29930194.jpg,The Penguin Dictionary of Jokes, ,暂无,少于10人,Fred Metcalf / Penguin / 2009-11-26 / GBP 9.99,Looking for a good joke? Searching for an ice-breaker for that after-dinner sp... ,笑话&广告&思维&心理&文案&英文原版&英国文学,Penguin
https://book.douban.com/subject/1510468/,https://img9.doubanio.com/view/subject/s/public/s2679736.jpg,广告与品牌策划, ,8.0,16人,约翰.菲利普.琼斯 / 机械工业 / 2000-4 / 24.00元,无疑这听起来是一个完美的计划，安 ,品牌&广告&策划&品牌管理&营销&文案&平面设计,机械工业
https://book.douban.com/subject/1106333/,https://img3.doubanio.com/view/subject/s/public/s1169110.jpg,广告企划的艺术, ,7.8,43人,乔恩・斯蒂尔 / 中国三峡出版社 / 2003-1-1 / 35.00元,最好的和最有效的广告是那些在沟通和信息交流方式的设计上能充分满足消费者而不仅是广告客户需求的广告，这也是广告企划的目的。本书中介绍的AP就是在广告策划、制作... ,广告&营销&创意&品牌&商业&设计,中国三峡出版社
https://book.douban.com/subject/3992990/,https://img1.doubanio.com/view/subject/s/public/s22789688.jpg,中外广告史新编, ,6.6,20人,陈培爱 / 2009-8 / 31.00元,《中外广告史新编》的前身是出版于1997年1月的《中外广告史》，其作为改革开放以来系统研究我国广告业发展历史和总结国外广告发展历程的一部基础理论著作，出版1... ,广告&大学教材&新闻传播&教材&中国&艺术&子, 
https://book.douban.com/subject/4074927/,https://img3.doubanio.com/view/subject/s/public/s4010630.jpg,完美陈述,推介理念和赢得商机的艺术,7.3,305人,[英] 乔恩·斯蒂尔 / 田丽霞 韩丹、刘寅龙 / 重庆出版社 / 2009年10月 / 28.00,在本书中，斯蒂尔用风趣幽默的语言告诉我们，怎样用你的陈述去赢得领导的赞赏、客户的信任，更重要的是，为你赢得新的生意。他不仅向我们讲述了自己向联合利华、辉瑞、... ,沟通&口才&商业&职场&社交&广告&管理&演讲,重庆出版社
https://book.douban.com/subject/35469271/,https://img9.doubanio.com/view/subject/s/public/s33904904.jpg,华与华超级符号案例集2, ,8.8,37人,华杉、华楠 / 江苏凤凰文艺出版社 / 2021-6-1 / 68.00元,本书全景式记录了洽洽、华莱士、人本、SKG、奇安信、老娘舅、梦百合、鲜丰水果等案例的诞生过程，侦探式还原了如何来应用华与华方法做出能快速落地、高效执行、马上... ,营销策划&市场营销&营销&广告&商业,江苏凤凰文艺出版社
https://book.douban.com/subject/30444513/,https://img9.doubanio.com/view/subject/s/public/s29989536.jpg,从零到百亿：如何打造超级单品, ,6.5,32人,徐欢生 / 机械工业出版社 / 2019-1 / 49.00,暂无,营销&品牌&广告,机械工业出版社
https://book.douban.com/subject/35234806/,https://img9.doubanio.com/view/subject/s/public/s33745496.jpg,品牌创造增长,如何让你的产品成为用户的首选,8.1,151人,王直上 / 中信出版集团 / 2020-10-1 / 58元,暂无,营销&品牌&广告&传播&策略&互联网&艺术设计&自我管理,中信出版集团
https://book.douban.com/subject/35189251/,https://img9.doubanio.com/view/subject/s/public/s33710995.jpg,顶尖文案:现代广告之父的文案写作技巧,"世界广告之父克劳德·霍普金斯畅销百年的杰作35年从业经验,32个案例,逾5",暂无,少于10人,（美）克劳德·霍普金斯 / 张小默 / 北京理工大学出版社 / 2020-7-1 / 45,"《顶尖文案:现代广告之父的文案写作技巧》是现代广告之父克劳德·霍普金斯的经典力作,全书融合了作者35年的广告经验之精华,用32个案例,逾50条价值百万美元的... ",文案&广告&2021,北京理工大学出版社
https://book.douban.com/subject/35096585/,https://img1.doubanio.com/view/subject/s/public/s33664827.jpg,给创意新人的100个基本, ,7.0,62人,高扬 / 广东旅游出版社 / 2020-6 / 59.8,暂无,广告&创意&2020&艺术设计&工作&藏书&子,广东旅游出版社
https://book.douban.com/subject/35116044/,https://img3.doubanio.com/view/subject/s/public/s33700300.jpg,品牌设计全书,从战略策划到视觉设计，掌握成功品牌创意制胜技,6.6,37人,[英]迈克尔·约翰逊 / 王树良 / 上海人民美术出版社 / 2020-6-1 / 168.00元,暂无,艺术设计&品牌&品牌设计&设计&视觉设计&广告,上海人民美术出版社
https://book.douban.com/subject/2054161/,https://img9.doubanio.com/view/subject/s/public/s4072566.jpg,一个广告人的自白,中国友谊出版社 出版的 灰皮书,8.8,71人,大卫·奥格威 / 林桦 / 中国友谊出版社 / 1991 / 3.5,暂无,广告&营销&一个广告人的自白&传媒&美国&传播学&图书馆,中国友谊出版社
https://book.douban.com/subject/30539282/,https://img3.doubanio.com/f/shire/5522dd1f5b742d1e1394a17f44d590646b63871d/pics/book-default-lpic.gif,数字化广告运营 智能营销时代的精准投放法则, ,暂无,少于10人,37.80,暂无,广告, 
https://book.douban.com/subject/26279991/,https://img2.doubanio.com/view/subject/s/public/s28373722.jpg,整合品牌传播,从IMC到IBC理论建构,7.3,41人,段淳林 / 世界图书出版广东有限公司 / 2014-7-1 / CNY 68.00,暂无,营销&广告&互联网&考研&管理&社会,世界图书出版广东有限公司
https://book.douban.com/subject/34464792/,https://img3.doubanio.com/f/shire/5522dd1f5b742d1e1394a17f44d590646b63871d/pics/book-default-lpic.gif,中国品牌四十年（1979-2019）/中国广告四十年, ,暂无,少于10人,,暂无,广告, 
https://book.douban.com/subject/1049217/,https://img9.doubanio.com/view/subject/s/public/s1176376.jpg,食物恋, ,7.5,311人,李欣频 / 陕西师范大学出版社 / 2003-01 / 28.00,暂无,李欣频&美食&生活&美食文字&文案&广告&饮食&文学,陕西师范大学出版社
https://book.douban.com/subject/27043674/,https://img9.doubanio.com/view/subject/s/public/s29462484.jpg,新媒体文案创作与传播, ,7.0,224人,秋叶、叶小鱼、勾俊伟 / 人民邮电出版社 / 2017-4 / 39.80元,《新媒体文案创作与传播》共分三篇。第1篇是新媒体文案基础篇，主要讲述了新媒体文案的基本概念、新媒体文案的岗位要求和职业能力素养；第二篇是新媒体文案创意实务篇... ,文案&新媒体&写作&广告&营销&互联网&传播&秋叶,人民邮电出版社
https://book.douban.com/subject/4902491/,https://img1.doubanio.com/view/subject/s/public/s4428808.jpg,市场细分,市场取舍的方法与案,6.9,31人,屈云波、张少辉 / 企业管理出版社 / 2010-9 / 45.00元,《市场细分:市场取舍的方法与案例》内容简介：市场细分和目标市场选择是企业活动的第一步，他们对企业的生产、营销起着极其重要的作用。针对目标顾客，制定有效策略：... ,营销&市场营销&商业&销售&广告&职场,企业管理出版社
https://book.douban.com/subject/3035175/,https://img9.doubanio.com/view/subject/s/public/s3017554.jpg,乔治·路易斯大创意, ,8.4,535人,[美] 乔治·路易斯、[美] 比尔·皮茨 / 何辉 / 中国人民大学出版社 / 2008-3 / 49.80元,乔治•路易斯用自己几十年的传奇职业生涯作为证据，说明了什么是真正的大创意。他结合大量鲜活的创意故事，阐发了广告的精髓，揭示了广告的本质。许多广告创意故事读起... ,广告&创意&营销&设计&传媒&管理,中国人民大学出版社
https://book.douban.com/subject/1466139/,https://img1.doubanio.com/view/subject/s/public/s10019369.jpg,杀人广告,杀人广告——英国侦探小说女皇多萝西•L•塞耶斯系列,6.5,113人,多萝西·利·塞耶斯 / 刘占勋 / 群众出版社 / 2006-1-1 / 26.00元,本书从一则意外事故开始讲述，但是温姆西勋爵却凭着他细致入微的洞察力断定，这不是一起普通的意外事故。当他隐姓埋名地进入到比姆广告公司，成为一名广告词的写手后，... ,推理&英国&侦探&小说&推理小说&欧美推理&广告,群众出版社
https://book.douban.com/subject/30345772/,https://img2.doubanio.com/view/subject/s/public/s29889091.jpg,广告创作,《广告副作用：商业篇》等4本,6.6,39人,李欣频 / 东方出版社 / 2018-3 / 256,中文书历史上，卖得最好的广告文案作品集。“文案女王”的李欣频，以强有力的文字风格，为诚品书店、中兴百货、远东百货、统一企业等写出一篇篇流传恒远，撼动人心的经... ,广告&文案&李欣频&台湾&艺术设计&借,东方出版社
https://book.douban.com/subject/30158895/,https://img1.doubanio.com/view/subject/s/public/s29705139.jpg,需求制造：让产品畅销的方法, ,8.2,16人,吴昊 / 广东经济出版社 / 2018-1 / 65,暂无,营销&地产&房地产&商业&广告&社会学&心理学&传播,广东经济出版社
https://book.douban.com/subject/27004543/,https://img1.doubanio.com/view/subject/s/public/s29409847.jpg,广告精准投放,移动互联网时代企业如何精准投放广告,4.4,19人,中国经济出版社 / 2017-1 / 48,暂无,互联网&营销&广告,中国经济出版社
https://book.douban.com/subject/24816689/,https://img1.doubanio.com/view/subject/s/public/s26839007.jpg,活动策划实战全攻略,一本拿来就能用的活动策划案头宝典,5.6,28人,欧阳国忠 / 欧阳国忠 / 清华大学出版社 / 2013-7 / 38.00,本书从活动策划的角度，以如何策划好活动，如何让活动出新意，如何做好活动预案确保活动出色完成为主题，与旅游休闲活动、商会活动、选美活动、电视活动、论坛活动、大... ,活动策划&策划&广告&营销&文案&公关&营销策划,清华大学出版社
https://book.douban.com/subject/1361766/,https://img2.doubanio.com/view/subject/s/public/s1387212.jpg,增加19倍銷售的廣告創意法, ,8.9,31人,John Caples / 劉怡伶、柯理詮 / 滾石文化 / 20010530 / NT$ 470,廣告的好與壞，反應在商品銷售成績上可以有19倍的巨大差距!本書是作者50多年的成果累　積，以案例相輔方法，說明寫文案的每個過程中的要訣。從發現商品特質、下最... ,广告&营销&销售&文案&创意&广告学&营销学,滾石文化
https://book.douban.com/subject/6530484/,https://img9.doubanio.com/view/subject/s/public/s6565104.jpg,与众不同, ,7.3,226人,（美）杰克·特劳特（Jack Trout）史蒂夫·里夫金（Steve Rivkin） / 火华强 / 机械工业 / 2011-6 / 42.00元,暂无,营销&商业&定位&品牌&管理&特劳特&思维&广告,机械工业
https://book.douban.com/subject/26892353/,https://img1.doubanio.com/view/subject/s/public/s29101548.jpg,蜥蜴脑法则, ,7.7,808人,(美)吉姆•柯明斯 / 刘海静 / 九州出版社 / 2016-11-1 / 48,暂无,心理学&思维&行为心理学&沟通&心理&说服&营销&我想读这本书,九州出版社
https://book.douban.com/subject/11526210/,https://img2.doubanio.com/view/subject/s/public/s27977943.jpg,玩广告,广告娱乐传播革命,6.8,27人,戎彦 / 浙江大学出版社 / 2012-7-1 / 36.00元,玩广告：广告娱乐传播革命，ISBN：9787308099462，作者：戎彦 著 ,广告&营销&商业&创意&传媒,浙江大学出版社
https://book.douban.com/subject/25872454/,https://img3.doubanio.com/view/subject/s/public/s27266060.jpg,每天都做好创造概念的准备,每天都做好创造概念的准备,6.7,68人,高桥宣行 / 刘谨毓、姜柏如 / 2014-4-1 / 32.00,创意——当下最泛滥的字眼之一，所有人都企图和创意发生关系，但是，“创意”却不愿意轻易被人一亲芳泽。在创意横行的当下，“创意”比拼的是质量，绝非数量。想象力、... ,创意&日本&思维&设计&营销&广告&高木直子&藏书, 
https://book.douban.com/subject/3312639/,https://img9.doubanio.com/view/subject/s/public/s3474715.jpg,匿名的香蕉为什么不热销,PERSONALITY NOT INCLUDED,7.3,56人,(美)罗希特.巴尔加瓦 / 贺颖彦 / 中国人民大学出版社 / 2008 / 36.00元,暂无,营销&奥美&广告&商业&市场营销&故事&management&管理,中国人民大学出版社
https://book.douban.com/subject/30413628/,https://img9.doubanio.com/view/subject/s/public/s29959146.jpg,Google AdSense实战宝典：用谷歌广告联盟出海赚美元（第2版）, ,5.6,12人,祁劲松 / 电子工业出版社 / 2019-1 / 79,Google 推出 AdSense 已经 10 多年了，目前每年给全球网站的广告发布商带来超过百亿美元的收入，作者累计从 AdSense 赚取超过百万美元。... ,广告&网络营销&谷歌&互联网&Google&商业,电子工业出版社
https://book.douban.com/subject/35680285/,https://img9.doubanio.com/view/subject/s/public/s34054005.jpg,新村则人设计作品集, ,暂无,少于10人,新村则人 / 广西师范大学出版社 / 2021-11 / 198.00,新村则人出生在一个小渔村，继承了渔民身上特有的敦厚，他常说他的设计灵感都是来源于生活，这跟家乡带给他的滋养是密不可分的。他常将作品第一时间拿给对设计一窍不通... ,设计&艺术设计&日本设计&广告&5,广西师范大学出版社
https://book.douban.com/subject/26878033/,https://img2.doubanio.com/view/subject/s/public/s29093041.jpg,中国早期电影广告文化史研究, ,暂无,少于10人,徐文明 / 中国电影出版社 / 2016-8 / 54.00元,暂无,电影研究&电影&文化&中国电影史&近代史&广告&民国史,中国电影出版社
https://book.douban.com/subject/3802708/,https://img1.doubanio.com/view/subject/s/public/s3843549.jpg,2.0营销传播,互动整合营销传播,8.1,48人,赵洁、曹芳华 / 厦门大学出版社 / 2009 / 20.00元,《2.0营销传播互动整合营销传播策略》把以受众参与互动为核心，以Web2.0信息传播模式为主导的信息时代称为2.0时代。《2.0营销传播互动整合营销传播策略... ,营销&互联网&网络营销&web2.0&传播&广告&市场营销&营销策划,厦门大学出版社
https://book.douban.com/subject/1414741/,https://img2.doubanio.com/view/subject/s/public/s1467993.jpg,文脉品牌,让你的品牌形象与众不同,8.1,27人,阿久津聪、石田茂、韩中和 / 韩中和 / 上海人民出版社 / 2005-6 / 20.00元,暂无,品牌&管理&日本&设计&营销&广告学&广告&商业,上海人民出版社
https://book.douban.com/subject/34988630/,https://img9.doubanio.com/view/subject/s/public/s33590636.jpg,深度文案, ,6.2,25人,[英]格伦·费雪（Glenn Fisher） / 季丽婷 / 北京时代华文书局 / 2020-4-6 / 46,暂无,文案&创作&营销&广告&方法论&运营&非常不错的一本书，值得推荐！&Kindle,北京时代华文书局
https://book.douban.com/subject/34862171/,https://img2.doubanio.com/view/subject/s/public/s33956422.jpg,现代广告通论（第4版）, ,暂无,少于10人,丁俊杰，康瑾 / 中国传媒大学出版社 / 2019-6-1 / 56.00元,暂无,营销&广告,中国传媒大学出版社
https://book.douban.com/subject/3228767/,https://img1.doubanio.com/view/subject/s/public/s3274707.jpg,The Advertising Concept Book,Advertising Concept Book,9.3,32人,"Pete Barry / Thames &amp; Hudson; Third edition (July 26, 2016) / 2008 / $ 33.84","How do you write a great ad? Pete Barry, who worked at Ogilvy London and now t... ",广告&设计&品牌&Design&英文,"Thames &amp; Hudson; Third edition (July 26, 2016)"
https://book.douban.com/subject/2222176/,https://img2.doubanio.com/view/subject/s/public/s2664811.jpg,Stash Dvd, ,9.6,182人,,暂无,设计&杂志&动画&CG&设计类&广告, 
https://book.douban.com/subject/26751846/,https://img2.doubanio.com/view/subject/s/public/s28647032.jpg,工业品企业如何做品牌, ,8.5,13人,张东利 / 中华工商联合出版社,中国制造虽然享誉全球，但我们却鲜有登上世界舞台的强势工业品品牌。对工业品品牌的重要性认识不足，对品牌建设缺乏科学、系统、实战的指导，都是我国工业品企业品牌建... ,品牌&管理&广告&商业&营销&方法论,中华工商联合出版社
https://book.douban.com/subject/10570342/,https://img9.doubanio.com/view/subject/s/public/s10268336.jpg,SEO兵书,搜索引擎优化手册,6.9,13人,高峰 / 2012-4 / 48.00元,《SEO兵书:搜索引擎优化手册》是作者高峰从事搜索引擎优化多年以来的经验总结，书中深度剖析了搜索引擎优化的每个细节，包括关键字策略、URL优化、代码优化、网... ,SEO&网络营销&互联网&广告, 
https://book.douban.com/subject/25795601/,https://img2.doubanio.com/view/subject/s/public/s27185143.jpg,品类战略, ,7.8,186人,张云、王刚 / 机械工业出版社 / 2014-1 / 40.00,本书系统地介绍了“品类战略”这一革命性的前沿营销思想，并结合国内外众多大企业的成功与失败案例，具体分析了品类战略在企业发展和品牌创立过程之中的核心战略地位，... ,营销&品牌&定位&战略&商业&管理&企业管理&零售,机械工业出版社
https://book.douban.com/subject/6915688/,https://img9.doubanio.com/view/subject/s/public/s8764135.jpg,"Hey, Whipple, Squeeze This",The Classic Guide to Creating Great Ads,暂无,少于10人,Luke Sullivan / Wiley / 2012-3-6 / USD 19.95,The classic (and irreverent) bestselling guide to creating great advertising  ... ,广告&美国&文案&创意&商业,Wiley
https://book.douban.com/subject/27119975/,https://img1.doubanio.com/view/subject/s/public/s29896729.jpg,无公关，不品牌,公关36计思维训练与实战进阶,7.9,12人,杜鸣皓 / 团结出版社 / 2017-6 / 68.00元,《无公关，不品牌》一书由阳光公关沙龙组织“PR研究院”独家出品，书中将公共关系与中国文化瑰宝《三十六计》战略思想和战术要领巧妙结合，系统阐述了消费者公关、品... ,品牌&经管&广告,团结出版社
https://book.douban.com/subject/3795567/,https://img2.doubanio.com/view/subject/s/public/s3895352.jpg,丑小鸭,奥美的创意观点,7.4,223人,谭启明、奥美公司 / 何辉 / 中信出版社 / 2009 / 39.00元,暂无,广告&创意&奥美&设计&广告创意&营销&思维,中信出版社
https://book.douban.com/subject/34861831/,https://img2.doubanio.com/view/subject/s/public/s33503411.jpg,华与华百万大奖赛案例集, ,8.0,146人,华杉、华楠 / 文汇出版社 / 2019-11-1 / 85.00,暂无,营销&广告&商业&方法论&思维&经管&艺术设计&管理,文汇出版社
https://book.douban.com/subject/26878066/,https://img9.doubanio.com/view/subject/s/public/s29053205.jpg,从小白到美术指导, ,6.6,89人,玄光福 / 人民邮电出版社 / 2016-9-12 / 59元,本书的内容从认识美术指导开始，然后讲解美术指导的主要工作，其工作分为前期准备、创意、执行和后期提案4个部分，每个部分都提炼出了作为广告创意人需要重点掌握的要... ,设计&广告&平面设计&設計&创意&方法,人民邮电出版社
https://book.douban.com/subject/35100507/,https://img2.doubanio.com/view/subject/s/public/s33668061.jpg,最创意：博报堂新人培训课, ,暂无,少于10人,【日】高桥宣行 / 魏薇 / 东方出版社 / 2020-6-25 / 65.00元,暂无,设计&我想读这本书&广告&艺术设计,东方出版社
https://book.douban.com/subject/6713973/,https://img9.doubanio.com/view/subject/s/public/s6780454.jpg,当代北京广告史话, ,暂无,目前无人,周果 / 当代中国出版社 / 2011-6 / 30.00元,《当代北京广告史话》内容简介：1949年，北平和平解放，新中国定都北京，于今已近60年了。六十年，一个甲子，共和国的人民、北京市的人民，在创造自己新生活的过... ,广告,当代中国出版社
https://book.douban.com/subject/3038329/,https://img2.doubanio.com/view/subject/s/public/s3029363.jpg,奢侈品品牌管理, ,7.6,356人,"米歇尔·舍瓦利耶（Michel Chevalier）、热拉尔德·马扎罗夫(Gerald Mazzalovo) / 卢晓 / 格致出版社,上海人民出版社 / 2008 / 45.00元",奢侈品品牌管理是一门新兴和热门的管理科学。本书两位作者来自奢侈品大国——法国，用严密的结构配合丰富有趣的案例介绍奢侈品品牌管理的各个方面。试图揭开LV、Ca... ,奢侈品&品牌&管理&营销&fashion&广告&经济&设计,格致出版社
https://book.douban.com/subject/1012858/,https://img1.doubanio.com/view/subject/s/public/s2132298.jpg,品牌至尊, ,7.3,19人,汤姆·邓肯、桑德拉·莫里亚蒂 / 廖宜怡 / 华夏出版社 / 1999-12 / 20.00元,《品牌至尊:利用整合营销创造终极价值》中介绍了一个整合营销的商业模式，帮助企业与其顾客和关系利益人发展品牌关系。作者分十章，提出了十个再造品牌价值的方法，并... ,品牌&营销&广告&企业管理&管理,华夏出版社
https://book.douban.com/subject/6560959/,https://img9.doubanio.com/view/subject/s/public/s6816685.jpg,广告策划与创意, ,6.9,31人,蒋旭峰、杜骏飞 / 中国人民大学出版社 / 2011-6 / 35.00元,《广告策划与创意(第2版)》从广告运动的原理说起，围绕广告的策划与创意活动进行了阐述。本教材在编写过程中借鉴了国内外现有教材的编写经验，并力求在此基础上有所... ,广告&传播学&专业&考研&教材&媒介研究,中国人民大学出版社
https://book.douban.com/subject/35556993/,https://img9.doubanio.com/view/subject/s/public/s33964085.jpg,记住我、选择我、替我传,人人都需要的营销心理学,,99人,王宏伟 / 民主与建设出版社 / 2021-8 / 54.80元,暂无,营销&艺术设计&广告&传媒&公关&思维&选择&设计,民主与建设出版社
https://book.douban.com/subject/27589766/,https://img1.doubanio.com/view/subject/s/public/s29618687.jpg,Building a Storybrand,Clarify Your Message So Customers Will Listen,8.5,36人,Donald Miller / Thomas Nelson / 2017-10-10 / GBP 19.05,暂无,商业&品牌&营销&广告&英文,Thomas Nelson
https://book.douban.com/subject/30331073/,https://img1.doubanio.com/view/subject/s/public/s29874277.jpg,SEM修炼手册：百度竞价、信息流广告、数据分析与专题页策划实战详解, ,7.5,31人,陈丰洲 / 电子工业出版社 / 2018-10 / 59.80元,SEM人员在职场打拼的过程中，会遇到一个又一个坑，《SEM修炼手册：百度竞价、信息流广告、数据分析与专题页策划实战详解》尝试站在一定的高度，将从业者从专员走... ,广告&营销&互联网&广告学&产品运营&数据分析&入门,电子工业出版社
https://book.douban.com/subject/1069193/,https://img1.doubanio.com/view/subject/s/public/s1054639.jpg,广告痴人说梦话(上下), ,7.8,174人,林俊明 / 国际文化出版公司 / 2002-10 / 48.00元,暂无,广告&创意&2002&香港&随笔,国际文化出版公司
https://book.douban.com/subject/33459565/,https://img1.doubanio.com/view/subject/s/public/s32329107.jpg,广告与促销：整合营销传播视角（第11版）, ,暂无,少于10人,[美] 乔治·贝尔奇（George E. Belch）、[美] 迈克尔·贝尔奇（Michael A. Belch） / 郑苏晖、林薇、陈宇、杨瑞、王晋 / 中国人民大学出版社 / 2019-4 / 109.00,暂无,营销&广告&2020,中国人民大学出版社
https://book.douban.com/subject/11615512/,https://img1.doubanio.com/view/subject/s/public/s21572348.jpg,品牌五维-全方位的品牌策划与管理,全方位的品牌策划与管理,暂无,少于10人,张丙刚 / 2012-8 / 39.00元,"“品牌”已经成为商业社会炙手可热的名词,甚至带有一些时髦的色彩.从作为个体的消费者,到从事广告和咨询行业的顾问代理,到提供商品和服务的企业组织,每天,甚至每... ",营销&广告, 
https://book.douban.com/subject/3621525/,https://img1.doubanio.com/view/subject/s/public/s11325869.jpg,Photoshop+Illustrator完美创意设计, ,9.2,43人,[韩]全相炫 / 刘东 / 中国青年出版社 / 2009-4 / 96.00元,《Photoshop+Illustrator完美创意设计:广告特辑》作者是韩国著名的平面设计师，曾经主持设计了三星手机、韩国通信网站等众多国际设计项目，并且... ,设计&平面设计&photoshop&PS&广告&AI&技法&技术,中国青年出版社
https://book.douban.com/subject/25744409/,https://img3.doubanio.com/view/subject/s/public/s27112780.jpg,全球一流文案,32位世界顶级广告人的创意之道,7.2,387人,[瑞士]阿拉斯泰尔·克朗普顿 / 邹熙 / 中信出版社 / 2013-10-1 / 58.00元,暂无,文案&广告&营销&写作&创意&商业&经典&艺术设计,中信出版社
https://book.douban.com/subject/1013916/,https://img1.doubanio.com/view/subject/s/public/s1026878.jpg,大卫·奥格威自传, ,7.9,312人,大卫.奥格威 / 海南出版社 / 1998-09 / 16.80元,一位富于创新的商界巨子，一位讲故事的高手，一部关于自己一生的真实传奇。奥格威永远与众不同，他的自传也是如此。 ,广告&传记&大卫·奥格威&奥格威&自传&营销&商业&人物传记,海南出版社
https://book.douban.com/subject/1781918/,https://img2.doubanio.com/view/subject/s/public/s1653201.jpg,广告媒体策划, ,7.8,173人,[美] 杰克•西瑟斯、[美] 罗杰•巴隆 / 闾佳 / 中国人民大学出版社 / 2006-5 / 88.00元,有人认为，媒体策划是广告行业里不需要创意的部分，这种说法大错特错。一份成功的媒体策划方案，要求在媒体、时间安排、广告费分配和其他方面做出有创意的决策。除了在... ,广告&策划&媒体&营销&市场营销&设计&艺术,中国人民大学出版社
https://book.douban.com/subject/10568352/,https://img1.doubanio.com/view/subject/s/public/s27967027.jpg,营销管理（第14版·全球版）, ,9.2,364人,菲利普·科特勒、凯文·莱恩·凯勒 / 王永贵、于洪彦、陈荣、张红霞、徐岚 / 中国人民大学出版社 / 2012-4 / 79.00元,暂无,营销管理&营销&市场营销&管理&管理学&科特勒&商业&marketing,中国人民大学出版社
https://book.douban.com/subject/35237027/,https://img9.doubanio.com/view/subject/s/public/s34022996.jpg,华与华超级符号案例集,19年反复使用同一个创意套路，不断颠覆中国各个行业,8.5,61人,华杉、华楠 / 江苏凤凰文艺出版社 / 2020-12-1 / 68,创意改变命运，创意缔造奇迹。本书全景式记录了足力健、傣妹、牛小灶、洽洽、老娘舅、立高、新东方、蜜雪冰城等传奇案例的诞生，侦探式还原了如何应用华与华方法做出能... ,市场营销&商业&营销&思维&经济&品牌&成长&创业,江苏凤凰文艺出版社
https://book.douban.com/subject/10804422/,https://img1.doubanio.com/view/subject/s/public/s26535929.jpg,电通“鬼十则”,全球最大独立广告公司的DNA,7.1,131人,[日] 柴田明彦 / 郑燕、王婕、马洪月 / 中信出版社 / 2013-5 / 32.00元,"《电通""鬼十则"":全球最大独立广告公司的DNA》内容简介：电通“鬼十则”由“广告鬼才”吉田秀雄于20世纪50年代制定，传承60余年，沿用至今。它是电通庞大机... ",广告&日本&营销&职场&管理&经典&*北京·中信出版社*,中信出版社
https://book.douban.com/subject/1051820/,https://img1.doubanio.com/view/subject/s/public/s1038827.jpg,中国当代广告史, ,暂无,少于10人,余虹、邓正强 / 湖南美术出版社 / 2000年1月1日 / 29.00元,本书系国内第一部《中国当代广告史》，由专家学者和资深广告人合作撰写。从1979年到1996年，中国大陆广告走过了它艰难复兴与曲折发展的道路，其间挫折与成功交... ,当代&中国&广告&学术,湖南美术出版社
https://book.douban.com/subject/26803275/,https://img1.doubanio.com/view/subject/s/public/s28756619.jpg,Neil French 前奥美全球创意执行总监自传 2015全彩版尼尔法兰奇,文案之神：尼尔法兰奇,暂无,少于10人,Neil French、尼尔·法兰奇、尼克·法兰奇 / 雷格、詹克 / 明鉴书屋 / 2015-6 / USD 30.00,暂无,广告&文案&自传&广告文案&互联网&营销&艺术&奥美,明鉴书屋
https://book.douban.com/subject/30336951/,https://img1.doubanio.com/view/subject/s/public/s29880177.jpg,真实的广告狂人,统治麦迪逊大道的创意之狼,8.2,27人,[英]安德鲁•克拉克内尔 / 朱玉犇、刘宇波 / 外语教学与研究出版社 / 2018-10-1 / 68.00元,暂无,广告&传媒&营销&美国&经济&专业&好书，值得一读&@译本,外语教学与研究出版社
https://book.douban.com/subject/20283577/,https://img2.doubanio.com/view/subject/s/public/s24461583.jpg,中国广告大未来, ,7.5,25人,2012-12 / 35.00元,《中国广告大未来》内容简介：被称为“媒介教父”的李志恒，是大陆广告传媒界的元老级人物，在《中国广告大未来》一书中，他从自身丰富的广告传媒从业经验出发，对广告... ,广告&职业规划&知识要转化成生产力啊&思想&营销&哲学, 
https://book.douban.com/subject/2171067/,https://img1.doubanio.com/view/subject/s/public/s2800368.jpg,《shots》, ,9.6,105人,RMB1500,全球最著名的广告影片集，以汇集展示全球顶级广告创意为宗旨，已有13年历史。每期shots都拥有超过42000位广告创意及电视制作领域的专业读者，被认为是获取... ,广告&杂志&设计&英国&视觉&en, 
https://book.douban.com/subject/30167754/,https://img2.doubanio.com/view/subject/s/public/s29713503.jpg,0到100万：边缘自媒体人的生存之道（上下册）,边缘自媒体人的生存之道,5.4,25人,鬼鬼 / 广东经济出版社 / 2018-3-31 / 69.00,《0到100万：边缘自媒体人的生存之道》源于4年自媒体一线实战，总结从0到100万的成长经验，适用于99%的边缘自媒体人，启发他们内容、运营、变现等全盘思考... ,广告&自媒体&2018,广东经济出版社
https://book.douban.com/subject/30255733/,https://img9.doubanio.com/view/subject/s/public/s29863526.jpg,風格是一種商機,蔦屋書店創辦人增田宗昭只對員工傳授的商業思考和工作心法,8.3,71人,增田宗昭 / 邱香凝 / 天下文化 / 2018-5-30 / TWD 700,暂无,商业&日本&设计&创业&广告&藏书,天下文化
https://book.douban.com/subject/1118912/,https://img2.doubanio.com/view/subject/s/public/s1219881.jpg,中外广告史,站在当代视角的全面回顾,5.9,129人,陈培爱 / 中国物价出版社 / 2002-8-1 / 28.00元,《中外广告史:站在当代视角的全面回顾》分中外两部分，中国广告史部分上自原始社会下至20世纪未，按照历史进程描述了广告在我国的发生、发展，并深入分析了其规律，... ,广告&教材&专业书&广告学&课本&大学课本&历史,中国物价出版社
https://book.douban.com/subject/6749472/,https://img2.doubanio.com/view/subject/s/public/s6815023.jpg,赖声川的创意学, ,8.1,2811人,赖声川 / 广西师范大学出版社 / 2011-8 / 39.80元,暂无,创意&赖声川&艺术&设计&戏剧&文化&思维&台湾,广西师范大学出版社
https://book.douban.com/subject/27088581/,https://img2.doubanio.com/view/subject/s/public/s29494712.jpg,品牌广告手册,从策略到执行全实战指南,7.9,178人,中信出版社 / 2017-7 / 48.00,好的广告对于受众的影响力，就像变魔术一样，看过了，听过了，广告的内容就进入了受众的心里，广告的目的也就此达到。而品牌广告对于广告从业者来说，是高起点，却也是... ,广告&文案&广告创意&营销&商业&好书，值得一读&我想读这本书&很值得推荐的一本书,中信出版社
https://book.douban.com/subject/34969798/,https://img1.doubanio.com/view/subject/s/public/s33575649.jpg,政务新媒体,引爆指尖上的“政能量”,暂无,少于10人,袁国宝 / 中国经济出版社 / 2020-1-1 / 58元,移动互联网时代，政务新媒体在加速转变政府职能、推动服务型政府建设、探索社会治理新模式，提高社会治理能力等方面爆发出惊人的能量，成为党和政府廉洁群众、沟通群众... ,新媒体&广告,中国经济出版社
https://book.douban.com/subject/3535047/,https://img2.doubanio.com/view/subject/s/public/s3967022.jpg,广告写作的艺术,历史上最杰出的五位广告大师的创作哲学,暂无,少于10人,丹尼斯·海金斯 / 劉毅志 / 滾石文化股份有限公司 / 1997/11/01,威廉伯恩巴克（William Bernbach）、李奧貝納（Leo Burnett）﹑喬治葛里賓（George Gribbin）、大衛奧格威（David O... ,广告&文案&营销&设计&营销管理,滾石文化股份有限公司
https://book.douban.com/subject/30359753/,https://img9.doubanio.com/view/subject/s/public/s29903736.jpg,深度粉销：高转化、高复购的用户运营黄金法则, ,5.9,144人,丁丁 / 人民邮电出版社 / 2018-10 / 59.80,硅谷创业教父保罗·格雷厄姆的名言：对于一个新产品来说，100个铁粉，比10000个觉得你还可以的用户要好非常多。樊登在创办樊登读书时，信心来自于“一千铁粉原... ,营销&策划&商业&销售&文案&广告&运营,人民邮电出版社
https://book.douban.com/subject/26393802/,https://img9.doubanio.com/view/subject/s/public/s28118484.jpg,廣告表示：╴╴╴。,老牌子．時髦貨．推銷術，從日本時代廣告看見台灣的摩登生活,8.7,48人,陳柔縉 / 麥田 / 2015-7 / NT$990,暂无,设计&广告&台湾&日本&歷史&绘本&台版&生活,麥田
https://book.douban.com/subject/10531533/,https://img9.doubanio.com/view/subject/s/public/s8950084.jpg,管理品牌资产,管理品牌资产,7.8,354人,戴维·阿克 / 吴进操、常小虹 / 机械工业出版社 / 2012-3 / 42.00元,《品牌三部曲1:管理品牌资产》是著名的“品牌三部曲”的第一部，同时也是开创和奠基之作，《创建强势品牌》和（品牌领导）的理论观点均生发于此。通过深入细致地研究... ,品牌&营销&品牌管理&管理&广告&市场营销&商业&marketing,机械工业出版社
https://book.douban.com/subject/2282191/,https://img3.doubanio.com/view/subject/s/public/s2782580.jpg,让创意更有黏性, ,7.9,529人,奇普•希思、丹•希思 / 雷静 / 中信出版社 / 2007-11 / 36.00元,这个以色列研究组为广告所做的工作，就是这本书试图为你的创意所做的。我们会给你一些建议，使你的创意更具创造性，对听众更有影响力。我们列出的6条原则的清单就是为... ,创意&广告&思维&心理学&创新&设计&营销&管理,中信出版社
https://book.douban.com/subject/1129681/,https://img9.doubanio.com/view/subject/s/public/s1311795.jpg,创意人,创意思考的自我训练,7.9,54人,詹宏志 / 人民交通出版社 / 2003-9-1 / 18.00元,暂无,创意&詹宏志&思维&广告&设计&台湾&经济学&文案,人民交通出版社
https://book.douban.com/subject/3268822/,https://img2.doubanio.com/view/subject/s/public/s29013312.jpg,传播学总论,传播学总论,7.2,421人,胡正荣、段鹏、张磊 / 清华大学出版社 / 2008-10-1 / 35.00元,传播学总论》自1997年出版以来，获得广泛好评，曾获得北京市第五届哲学社会科学成果二等奖。对应课程“传播学概论”于2007年被评为国家级精品课程。修订版注重... ,传播学&考研&传播&广告,清华大学出版社
https://book.douban.com/subject/1614552/,https://img2.doubanio.com/view/subject/s/public/s2654891.jpg,广告创意教程, ,7.3,27人,王健 / 北京大学出版社 / 2004-11 / 66.00元,本书的最大特色，是在创新思想指导下对广告创意的全过程进行梳理和解析。该书在大量资料和600余幅图片的基础上，深入探讨了新经济时代广告创意的文化意义、广告创意... ,广告学&广告&创意&平面设计&设计,北京大学出版社
https://book.douban.com/subject/5311622/,https://img3.doubanio.com/view/subject/s/public/s6462980.jpg,蓝海战略, ,8.6,386人,W.钱·金、勒妮·莫博涅 / 吉宓 / 商务印书馆 / 2010-8 / 49.00元,《蓝海战略(哈佛经管图书简体中文版)》内容简介：企业为了寻求持久的、获利性的增长，往往与其对手针锋相对地竞争。它们为竞争优势而战，为市场份额而战，为实现差异... ,商业&战略&管理&营销&管理学&思维&创业&广告,商务印书馆
https://book.douban.com/subject/27103965/,https://img1.doubanio.com/view/subject/s/public/s29510149.jpg,重拾好奇心,让你不会被机器取代的关键,8.7,21人,伊恩‧莱斯里 / 新乐园 / 2017-1-1,好奇心在中古世紀是禁忌般的存在，在西方歷史中時常被視為是干擾心靈的邪念之一。在啟蒙運動時期，歐洲社會對於好奇心不再帶有偏見，反而認為它是能夠開展人類未來的利... ,思维&创意&好奇心&广告&成长&社科&好书，值得一读&2017,新乐园
https://book.douban.com/subject/3262687/,https://img2.doubanio.com/view/subject/s/public/s27407331.jpg,廣告101, ,8.0,50人,吳博林 / etpress出版 / 08年7月 / $88,暂无,广告&香港&設計,etpress出版
https://book.douban.com/subject/35539681/,https://img3.doubanio.com/view/subject/s/public/s33954640.jpg,常识工作法, ,7.0,68人,[美] 马丁·林斯特龙 / 中信出版社 / 2021-8-1 / 69,马丁·林斯特龙是全球著名的管理顾问，在对全球100强企业的长期观察中，他发现，大部分团队低效、失控、员工归属感低弱的根源是组织、员工和消费者之间的脱节导致的... ,职场&管理&思维&方法论&美国&经管文&2021&人生,中信出版社
https://book.douban.com/subject/10828002/,https://img3.doubanio.com/view/subject/s/public/s11136690.jpg,游戏改变世界,游戏化如何让现实变得更美好,7.9,5653人,[美] 简•麦戈尼格尔（Jane McGonigal） / 闾佳 / 浙江人民出版社 / 2012-9 / 59.90元,◆《游戏改变世界》是著名未来学家、TED大会新锐演讲者简•麦戈尼格尔探索互联时代重要趋势的最新力作。在书中，作者指出：游戏可以弥补现实世界的不足和缺陷，游戏... ,游戏&心理学&互联网&思维&游戏化&社会学&游戏设计&设计,浙江人民出版社
https://book.douban.com/subject/34912490/,https://img9.doubanio.com/view/subject/s/public/s33535045.jpg,爆款文案写作训练手册（一句好文案，胜过1000个销售高手！7天教你写出有灵魂的文案。), ,,10人,福蕴著 / 北京理工大学出版社 / 49.8元,暂无,文案&广告&商业&营销,北京理工大学出版社
https://book.douban.com/subject/30288167/,https://img2.doubanio.com/view/subject/s/public/s29833303.jpg,内容是营销之本,内容营销策略的实用指南,5.6,21人,[美] 丽贝卡·利布、[美] 贾米·西曼斯基 / 王晔 / 中信出版社 / 2018-7-1,暂无,营销&广告&传媒&随笔&美国&小说&商业,中信出版社
https://book.douban.com/subject/1209080/,https://img2.doubanio.com/view/subject/s/public/s1541323.jpg,国际4A广告公司基本操作流程, ,7.1,260人,朱海松 编著 / 广东经济出版社 / 2002-3 / 18.00元,这本书的内容是广告公司运作的一些基本方法，是广告公司部门内的操作方法和部门之间的操作流程。关于客户部的内容主要是基于国际广告公司，特别是美国广告公司的客户部... ,广告&策划&创意&管理&广告学,广东经济出版社
https://book.douban.com/subject/1101268/,https://img9.doubanio.com/view/subject/s/public/s1200954.jpg,新定位, ,7.6,777人,[美] 杰克·特劳特、史蒂夫·瑞维金 / 李正栓、贾纪芳 / 中国财政经济出版社 / 2002-10 / 39.80元,《新定位》主要围绕三大核心话题展开：一、“如何寻找好的定位”。作者借鉴心理学及生命科学的最新成果，提出营销定位的诸种心理原则及其误区。二、“如何进行再定位”... ,营销&定位&特劳特&市场营销&商业&管理&战略&广告,中国财政经济出版社
https://book.douban.com/subject/1979132/,https://img1.doubanio.com/view/subject/s/public/s2187207.jpg,此乃广告书, ,7.7,271人,林永强 / 华夏出版社  2007-1出版；龙媒选书； / 2007-1-23上架    简体中文 / 39.00元,暂无,广告&创意&设计&艺术&杂文,华夏出版社
https://book.douban.com/subject/5323008/,https://img9.doubanio.com/view/subject/s/public/s6933046.jpg,超越平凡的平面设计,版式设计原理与应用,8.7,1822人,[美] 麦克韦德 / 人民邮电出版社 / 2010-9-1 / 49.00元,本书是美国著名平面设计师John McWade的第二本有关平面设计的著作。与《超越平凡的平面设计——怎样做好版式》一样，本书也是享誉全球的Before&amp;Af... ,平面设计&设计&版式设计&艺术&版式&Design&美国&交互设计,人民邮电出版社
https://book.douban.com/subject/34858779/,https://img3.doubanio.com/f/shire/5522dd1f5b742d1e1394a17f44d590646b63871d/pics/book-default-lpic.gif,麦迪逊大道之王,大卫·奥格威传,暂无,少于10人,[美]肯尼思·罗曼 / 张小琴 / 中信出版集团 / 2019-10 / 58.00元,暂无,广告&奥美&大卫·奥格威&平面设计,中信出版集团
https://book.douban.com/subject/30434565/,https://img2.doubanio.com/view/subject/s/public/s29979873.jpg,故事思维：如何解读人心，说出动人故事, ,6.4,48人,[美] 凯文·艾伦 / 刘盈君 / 后浪丨江西人民出版社 / 2019-2 / 42.00元,暂无,营销&故事&广告&思维&后浪&方法&美国&写作,后浪丨江西人民出版社
https://book.douban.com/subject/1090177/,https://img9.doubanio.com/view/subject/s/public/s26721414.jpg,现代广告通论, ,7.2,15人,丁俊杰 / 中国市场出版社（原中国物价出版社） / 1997-7 / 26.80元,现代广告通论：对广告运作原理的重新审视，ISBN：9787800706622，作者：丁俊杰著 ,广告&经典&教材&传播学&考研&书籍,中国市场出版社
https://book.douban.com/subject/3774728/,https://img2.doubanio.com/view/subject/s/public/s9383772.jpg,广告的没落 公关的崛起, ,6.8,326人,[美] 艾·里斯、劳拉·里斯 / 寿雯 / 山西人民出版社 / 2009-5 / 32.00元,《广告的没落 公关的崛起-彻底颠覆营销传统的公关圣经(修订版)》提供了一个全新的视角，给那些迷信广告的人泼了一盆凉水，同时也打破了市场营销中最大的神话之一：... ,公关&广告&营销&商业&传播&定位&品牌&市场营销,山西人民出版社
https://book.douban.com/subject/5477079/,https://img1.doubanio.com/view/subject/s/public/s4757159.jpg,How to Put Your Book Together and Get a Job in Advertising, ,暂无,少于10人,"Paetro, Maxine / 2010-8 / 238.00元","In print for over thirty years, this is the advertising industry bible and ins... ",设计&广告&创意, 
https://book.douban.com/subject/20397841/,https://img9.doubanio.com/view/subject/s/public/s24433434.jpg,愛上香港,透析品牌策略與marketing策劃,暂无,少于10人,吳博林 / 經濟日報出版社 / 2012-10-10 / 128,暂无,香港&广告&taiban&marketing,經濟日報出版社
https://book.douban.com/subject/25976087/,https://img1.doubanio.com/view/subject/s/public/s27453328.jpg,游戏化革命：未来商业模式的驱动力, ,7.1,54人,[美]盖布·兹彻曼、[美]乔斯琳·林德 / 应皓 / 中国人民大学出版社有限公司 / 2014-8-1 / CNY 59.00,暂无,游戏化&互联网&商业&新经济&游戏&思维&管理&程序设计,中国人民大学出版社
https://book.douban.com/subject/34881818/,https://img9.doubanio.com/view/subject/s/public/s33515694.jpg,かわいい! パケ買いデザイン, ,暂无,少于10人,竹下けいこ / 2019-6-17,暂无,设计&日本&广告&营销&可爱&design&2019, 
https://book.douban.com/subject/2329883/,https://img1.doubanio.com/view/subject/s/public/s29601898.jpg,Then We Set His Hair on Fire,Insights and Accidents from a Hall-Of-Fame Career in Advertising,暂无,少于10人,Phil Dusenberry / Portfolio / 2005-9-9 / GBP 24.95,暂无,创意&广告&Marketing&营销&市场营销&商业,Portfolio
https://book.douban.com/subject/1030429/,https://img1.doubanio.com/view/subject/s/public/s1181808.jpg,世界著名广告作品分析, ,暂无,少于10人,祁聿民、等 / 经济科学出版社 / 1998-05 / 18.00元,暂无,广告&科普&社会&文化&嗯&中国,经济科学出版社
https://book.douban.com/subject/1139763/,https://img2.doubanio.com/view/subject/s/public/s4259311.jpg,世界大战中的宣传技巧, ,8.1,637人,哈罗德·D·拉斯韦尔 (Harold D.Lasswell) / 田青、张洁 / 中国人民大学出版社 / 2003-10-1 / 32.00元,第一次世界大战刚刚过去几年，《世界大战中的宣传技巧》的作者便以价值中立的态度、对人类首次“总体战”中英、法、德、美等主要交战国的宣传策略及其效果进行了全面和... ,传播学&新闻传播学&传播&战争&舆论&传媒&新闻传播&经典,中国人民大学出版社
https://book.douban.com/subject/1357098/,https://img1.doubanio.com/view/subject/s/public/s29907958.jpg,天下沒有懷才不遇這回事, ,7.6,174人,包益民、劉永毅（撰文採訪） / 圓神 / 20041130,暂无,创意&设计&台湾&思考&广告&Design&随笔&臺灣,圓神
https://book.douban.com/subject/3744558/,https://img1.doubanio.com/view/subject/s/public/s3793139.jpg,奥美的数字营销观点,新媒体与数字营销指南,7.1,573人,[美] 肯特·沃泰姆、[美] 伊恩·芬威克 / 台湾奥美互动营销公司 / 中信出版社 / 2009-6 / 45.00元,目前，媒体的数字化给营销人带来了重大影响。新媒体世界具有多重特性，它赋予企业大量机会，同时也带来挑战。营销人有了数量空前的方式来与消费者互动。然而，许多人面... ,营销&奥美&广告&新媒体&传媒&公关&互联网&网络,中信出版社
https://book.douban.com/subject/2152760/,https://img2.doubanio.com/view/subject/s/public/s2607762.jpg,One Great Insight Is Worth a Thousand Good Ideas,An Advertising Hall-of-Famer Reveals the Most Powerful Secret in Business,暂无,少于10人,Phil Dusenberry / Portfolio Trade / 2006-10-03 / USD 14.95,暂无,广告&营销&创意,Portfolio Trade
https://book.douban.com/subject/26378558/,https://img3.doubanio.com/view/subject/s/public/s28060840.jpg,顶尖创意,房地产营销软文创作思路、技巧与范例全书,暂无,少于10人,房梁工作室 / 人民邮电出版社 / 2014-8,暂无,营销&写作技巧&广告&中国&广告学&2014,人民邮电出版社
https://book.douban.com/subject/25836351/,https://img2.doubanio.com/view/subject/s/public/s27227892.jpg,广告, ,7.2,393人,[英国] 温斯顿•弗莱彻 / 张罗 陆赟 / 译林出版社 / 2014-2 / 25.00元,广告业创造出了一个又一个神话，但人们对这个行业的误解从未消除。人们普遍认为，广告法力无边，花费惊人，且常常挑战道德底线。对于广告的历史和现状我们从未彻底了解... ,牛津通识读本&广告&传播学&科普&社科&文化&商业&通识,译林出版社
https://book.douban.com/subject/3520832/,https://img3.doubanio.com/view/subject/s/public/s10384060.jpg,什么是品牌设计, ,7.4,100人,马修·赫利 / 胡蓝云 / 2009-2 / 88.00元,《什么是品牌设计》探讨了专业人士与品牌抽象概念。文化及属性之间的复杂关系，同时还解决了包装设计、标志制作和网络科技方面的具体细节，一直以来，这些都是设计师和... ,设计&品牌设计&品牌&Design&广告&平面设计&管理&设计哲学, 
https://book.douban.com/subject/35321153/,https://img9.doubanio.com/view/subject/s/public/s33799105.jpg,虽然痛苦到崩溃，却无法辞职的理由, ,7.4,291人,（日） 汐街可奈 / 著、（日）结城裕 / 协助执笔 / 王静怡 / 北京联合出版公司|青豆书坊 / 2021-1 / 46.80元,暂无,职场&漫画&心理学&日本&文学&虚构&经典&广告,北京联合出版公司|青豆书坊
https://book.douban.com/subject/20437314/,https://img2.doubanio.com/view/subject/s/public/s24493911.jpg,镜像,韩家英设计,8.0,29人,韩家英 / 湖南人民出版社 / 2012-11 / 280.00元,《镜像:韩家英设计》主要内容包括：作为图像的文字；《天涯》；韩家英；设计.文化；设计.生活；镜像韩家英设计解读；一种东西方后现代主义设计文化交流的表征等。《... ,设计&平面设计&艺术设计&广告&艺术&Art,湖南人民出版社
https://book.douban.com/subject/20261700/,https://img9.doubanio.com/view/subject/s/public/s24410865.jpg,好战略，坏战略, ,8.2,897人,理查德·鲁梅尔特 / 蒋宗强 / 中信出版社 / 2012-10 / 68.00元,暂无,战略&商业&管理&战略管理&思维&方法论&经管&营销,中信出版社
https://book.douban.com/subject/26476872/,https://img2.doubanio.com/view/subject/s/public/s28296111.jpg,爱看书的广告, ,7.6,33人,范用 编 / 生活·读书·新知三联书店 / 2015-9 / 38.00,本书内容分为三部分，即“广告文字”“广告式样”“书籍广告谈”。广告文字主要收入鲁迅、叶圣陶、巴金、胡风等名家作品，以及20世纪三四十年代文化生活出版社、北新... ,广告&文化&三联&出版&书&编辑&书话&*三联@北京*,生活·读书·新知三联书店
https://book.douban.com/subject/5274953/,https://img9.doubanio.com/view/subject/s/public/s6225004.jpg,媒介即讯息及其他50条荒谬的广告法则, ,7.2,30人,盖伦 编 / 王黎辉 / 2010-8 / 29.50元,《媒介即讯息及其他50条荒谬的广告法则》内容简介：广告既被称为20世纪最伟大的艺术形式，也被称为人类有史以来自己创造的体积最庞大的恶魔。无论你是相信一种叫做... ,广告&设计&广告学&麦克卢汉&設計&文化&非虚构, 
https://book.douban.com/subject/26773835/,https://img1.doubanio.com/view/subject/s/public/s28636408.jpg,设计师不读书, ,6.6,182人,奥斯汀·豪 / 一熙 / 重庆大学出版社 / 2015-7-24 / 35,创意总监、广告撰稿人和设计者奥斯汀·豪，曾荣获广告创意领域最高荣誉“One Show”金铅笔奖，他将近年与广告界设计师好友们的定期来信集结成书。奥斯汀•豪主... ,设计&广告&视觉传达&创意&美国&启发&思想,重庆大学出版社
https://book.douban.com/subject/6518072/,https://img9.doubanio.com/view/subject/s/public/s6567184.jpg,广告设计, ,7.1,16人,潘强 / 2011-6 / 55.00元,根据广告设计的基本功能和应用特色，潘强编著的《广告设计》分为广告设计要素、广告设计原则、广告的分类、广告形式设计、广告创意设计和广告应用媒介6章。每一章都有... ,平面设计&广告&平面&设计&案例, 
https://book.douban.com/subject/31053652/,https://img2.doubanio.com/view/subject/s/public/s33561701.jpg,符号战争：广告叙事与图像解读, ,暂无,少于10人,[美] 罗伯特·戈德曼、[美] 斯蒂芬·帕普森 / 王柳润 / 湖南美术出版社 / 2018-10 / 68.00元,暂无,视觉文化&哲学&社会学&广告&设计&艺术&美国&文化,湖南美术出版社
https://book.douban.com/subject/33437014/,https://img3.doubanio.com/view/subject/s/public/s32312710.jpg,超级广告人创意心得, ,8.1,88人,大创意PITCHINA / 广西师范大学出版社 / 2019-5 / 68.00,在如今这个时代，任何传统单一的营销模式都很难帮助一个品牌达成“品效合一”的目标，因此需要通过一套“营销组合拳”，在市场中形成“轰炸”效果。这套组合拳当中包含... ,广告&广告创意&文案&创意&广西师范大学出版社&商业&设计,广西师范大学出版社
https://book.douban.com/subject/26949945/,https://img9.doubanio.com/view/subject/s/public/s29266224.jpg,营销管理,（第15版·黑白版）,9.0,189人,[美]菲利普•科特勒 (Philip Kotler)、[美]凯文•莱恩•凯勒 (Kevin Lane Keller) / 何佳讯、于洪彦、牛永革、徐岚、董伊人 / 格致出版社 / 2016-7-1 / 80.00,一个学科的确立总伴随着伟大思想者和他极富盛名的著作出现，如同亚当?斯密的《国富论》之于经济学，彼得?德鲁克的《管理：任务、责任、实践》之于管理学。对于营销学... ,营销&市场营销&商业&企业管理&管理&思维&工具书&管理学,格致出版社
https://book.douban.com/subject/30336344/,https://img9.doubanio.com/view/subject/s/public/s29879516.jpg,圖解行銷基本力,500個行銷概念全圖解,暂无,少于10人,野上真一 / 張嘉芬 / 商周出版 / 380 TWD,暂无,广告&台版&藏书&营销&子&品牌,商周出版
https://book.douban.com/subject/5482329/,https://img1.doubanio.com/view/subject/s/public/s29839158.jpg,How Brands Grow,What Marketers Don't Know,8.6,101人,Byron Sharp / Oxford University Press / 2010-3-11 / GBP 22.50,This book provides evidence-based answers to the key questions asked by market... ,营销&Marketing&商业&品牌&广告&英文原版,Oxford University Press
https://book.douban.com/subject/30489950/,https://img3.doubanio.com/view/subject/s/public/s30026340.jpg,托尼克：设计为何, ,8.5,120人,[荷]格特·斯塔尔、托尼克 / 周安迪 等 / 上海文艺出版社 / 2019-3-1 / 258,暂无,设计&艺术设计&平面设计&荷兰&艺术&广告&*上海文艺出版社*,上海文艺出版社
https://book.douban.com/subject/2109795/,https://img3.doubanio.com/view/subject/s/public/s2513320.jpg,欲望的想像,1920-1930年代《申报》广告的文化史研究,6.8,59人,王儒年 / 上海人民出版社 / 2007-03-01 / 25.00元,近二十年来，知识分子研究成为中国学术界研究的一个重要热点。这一热点开始于1980年代中后期的“文化热”，也就是后来被称为第二次“五四”新启蒙运动。在新启蒙运... ,广告&历史&文化&中国近代史&文化史&近代史,上海人民出版社
https://book.douban.com/subject/1129229/,https://img9.doubanio.com/view/subject/s/public/s1281174.jpg,户外广告, ,7.5,12人,樊志育 / 第1版 (2005年3月1日) / 2003-8 / 40.0,暂无,广告&休闲,第1版 (2005年3月1日)
https://book.douban.com/subject/27155174/,https://img9.doubanio.com/view/subject/s/public/s29560354.jpg,我怎么没想到?显而易见的商业智慧, ,6.4,45人,（美）罗伯特?厄普德格拉夫（Robert R. Updegraff） / 侯德夫 / 机械工业出版社 / 2017-10 / 35.00,暂无,商业&思维方式&思维&方法论&市场营销&定位&个人成长&销售,机械工业出版社
https://book.douban.com/subject/26866492/,https://img9.doubanio.com/view/subject/s/public/s29022084.jpg,非传统营销,营销专家不知道的品牌成长定律,7.4,174人,拜伦·夏普 (Byron Sharp) / 麦青(Mandy) / 中信出版社 / 2016-7-1 / 39.00,《非传统营销：营销专家不知道的品牌成长定律》苹果公司顾客的高忠诚度只是一种错觉？哈雷摩托车主和谷物早餐顾客有什么根本差别？麦当劳、肯德基和必胜客是竞争对手吗... ,营销&市场营销&商业&marketing&品牌&思维&心智&管理,中信出版社
https://book.douban.com/subject/24523626/,https://img1.doubanio.com/view/subject/s/public/s28312208.jpg,点子都是偷来的,10個沒人告訴過你的創意撇步,8.0,146人,奧斯汀．克隆 / 張舜芬、錢佳緯 / 遠流 / 2012-2-28 / 76.35,暂无,创意&设计&思维模式&广告&设计理论&创业&美国&艺术,遠流
https://book.douban.com/subject/26915043/,https://img3.doubanio.com/view/subject/s/public/s29151120.jpg,消费者行为学：中国消费者透视（第二版）, ,7.8,19人,卢泰宏、周懿瑾 / 中国人民大学出版社 / 2015-7-1,"《消费者行为学：中国消费者透视》（第二版）尝试建构移动互联网时代的数字化消费者行为学,并且保持深化了第一版确立的两大特征，以最新的专业内容，以及建立更强的互... ",消费者行为学&心理学&营销&心理&社会学&思维&中国&广告,中国人民大学出版社
https://book.douban.com/subject/35169138/,https://img2.doubanio.com/view/subject/s/public/s33748892.jpg,亲爱的作者，您有一封退稿信, ,7.4,211人,[意] 里卡尔多 • 博齐（Riccardo Bozzi）  /著、[意] 贾恩卡洛 • 阿斯卡里（Giancarlo Ascari）/绘、[意] 皮娅 • 瓦伦蒂尼斯（Pia Valentinis）/绘 / 徐阳 / 低音 • 北京联合出版公司 / 2020-9 / 49.80,暂无,创意&文学&文案写作&意大利&小说&外国文学&心理&广告,低音 • 北京联合出版公司
https://book.douban.com/subject/26857846/,https://img2.doubanio.com/view/subject/s/public/s28984762.jpg,销售洗脑,把逛街者变成购买者的8条黄金法则,7.6,642人,[美] 哈里•弗里德曼（Harry J.Friedman） / 施轶 / 中信出版社 / 2016-8-18,暂无,销售&营销&管理&商业&职场&市场营销&樊登读书会,中信出版社
https://book.douban.com/subject/5453687/,https://img9.doubanio.com/view/subject/s/public/s7535416.jpg,The Man Who Sold America,The Amazing  Story of Albert D. Lasker and the Creation of the Advertising Century,暂无,少于10人,Jeffrey L. Cruikshank、Arthur W. Schultz / Harvard Business Review Press / 2010-8-12 / 195.00元,We're living in the Age of Persuasion. Leaders and organizations of all kinds ... ,广告&传记,Harvard Business Review Press
https://book.douban.com/subject/1043322/,https://img1.doubanio.com/view/subject/s/public/s23830728.jpg,拉斯克尔的广告历程, ,8.3,54人,[美]  阿尔伯特·拉斯克尔 / 焦向军、韩骏 / 新华出版社 / 1998-1 / 13.80元,拉斯克尔的广告历程，ISBN：9787501142279，作者：（美）阿尔伯特·拉斯克尔（Albert Davis Lasker）著；焦向军，韩骏译 ,广告&营销&经典&管理&创意&广告学,新华出版社
https://book.douban.com/subject/1957760/,https://img3.doubanio.com/view/subject/s/public/s1975330.jpg,北京上海广州广告人求职指南, ,,10人,郑晓燕、任伟 / 岭南美术出版社 / 2004-11 / 22.8,暂无,广告&入门&设计&藝術設計私生活,岭南美术出版社
https://book.douban.com/subject/1082241/,https://img3.doubanio.com/view/subject/s/public/s6779070.jpg,广告学, ,8.8,24人,[美]托马斯·C.奥吉恩[ThomasC.O / 机械工业 / 2002-5 / 358.00元,暂无,广告学&广告&传媒&管理&教材&商业&人力资源,机械工业
https://book.douban.com/subject/1012611/,https://img2.doubanio.com/view/subject/s/public/s1988393.jpg,乌合之众,大众心理研究,8.2,113852人,[法] 古斯塔夫·勒庞 / 冯克利 / 中央编译出版社 / 2011-5-1 / 16.00元,古斯塔夫・勒庞 Gustave Le Bon(1841-1931) 法国著名社会心理学家。他自1894年始，写下一系列社会心理学著作，以本书最为著名；在社会... ,心理学&社会心理学&群体心理学&乌合之众&大众心理&社会学&心理&社会,中央编译出版社
https://book.douban.com/subject/30334854/,https://img2.doubanio.com/view/subject/s/public/s33581451.jpg,微文案,碎片时代的文案创意手册,7.1,93人,朱冰,暂无,文案&广告&创意&营销&写作&商业&2020&教育, 
https://book.douban.com/subject/3004295/,https://img9.doubanio.com/view/subject/s/public/s2959546.jpg,美国伟大广告人, ,6.7,56人,林升梁 / 中国经济出版社 / 2008-2 / 49.80元,《美国伟大广告人》的出版，给国内广告界带来了新的启迪和借鉴，作者从传记的角度展现这些伟大广告人丰富多彩的人生历程，人们可以从中获得对广告的认识和最感性的广告... ,广告&传记&人物传记&设计&美国&书,中国经济出版社
https://book.douban.com/subject/25663883/,https://img9.doubanio.com/view/subject/s/public/s26969066.jpg,品牌22律, ,7.9,244人,（美）艾•里斯（Al Ries）、劳拉•里斯（Laura Ries） / 寿雯 / 机械工业出版社 / 2013-8 / 35.00,书中看似简单的“定律”蕴含了大师多年的实战心得；同时，本书所列“定律”起源于当前企业创建品牌过程中的普遍误区，针针见血，发人深省。从某种意义上讲，与其说这是... ,品牌&营销&商业&管理&战略&品牌管理&定位&广告,机械工业出版社
https://book.douban.com/subject/1949581/,https://img9.doubanio.com/view/subject/s/public/s2614066.jpg,The Golden Age of Advertising - The 70s, ,8.4,30人,Jim Heimann、Steve Heller / Taschen / 2006-02-28 / $ 12.99,暂无,设计&广告&传媒&书,Taschen
https://book.douban.com/subject/2324366/,https://img1.doubanio.com/view/subject/s/public/s2926937.jpg,广告拜物教, ,7.6,3051人,李欣频 / 电子工业出版社 / 2008-1 / 49.80元,暂无,李欣频&广告&文案&创意&台湾&设计&文化&经管,电子工业出版社
https://book.douban.com/subject/35552655/,https://img2.doubanio.com/view/subject/s/public/s33968562.jpg,李诞脱口秀工作手册, ,7.2,7847人,李诞 / 江苏凤凰文艺出版社 / 2021-8-20 / 42元,脱口秀行业的大部分工作，都和创作有关。创意看似是智力活儿，其实是体力活儿，归根结底是苦力活儿。李诞从脱口秀编剧做起，线上线下，台前幕后，该干的不该干的，只要... ,脱口秀&李诞&方法论&创作&思维&创意&个人管理&自媒体,江苏凤凰文艺出版社
https://book.douban.com/subject/1329553/,https://img2.doubanio.com/view/subject/s/public/s26008362.jpg,如何做广告, ,7.7,74人,肯尼斯・罗曼、简・马斯、詹正茂 / 詹正茂 / 新华出版社 / 2005-5 / 38.00元,这是一部来自奥美的广告学经典。它告诉我们广告就是创意，是广告在创建品牌、销售产品；并阐释了在一个广告作品中什么因素起作用，什么因素不起作用，以及如何通过电视... ,广告&奥美&传播&广告学&设计&美国&营销&管理,新华出版社
https://book.douban.com/subject/6527890/,https://img9.doubanio.com/view/subject/s/public/s24602625.jpg,Brandwashed,Tricks Companies Use to Manipulate Our Minds and Persuade Us to Buy,7.9,26人,Martin Lindstrom / Crown Business / 2011-9-20 / USD 25.00,暂无,Marketing&商业&美国&销售&英文版&心理学&创业,Crown Business
https://book.douban.com/subject/10796949/,https://img9.doubanio.com/view/subject/s/public/s10347244.jpg,品牌领导, ,7.7,81人,（美）戴维•阿克、埃里克•乔基姆塞勒 / 耿帅 / 机械工业出版 / 2012-6 / 49.00元,《品牌三部曲3:品牌领导》内容简介：越来越多的企业意识到品牌意识、品质感知度、顾客忠诚度和强大的品牌关联与品牌个性是市场竞争中必不可少的利器。强大的动力推动... ,品牌&营销&商业&管理&品牌管理&广告&经典,机械工业出版
https://book.douban.com/subject/4748698/,https://img2.doubanio.com/view/subject/s/public/s22778371.jpg,牛文案是怎样炼成的,广告文案写作八条潜规则,6.0,54人,多米尼克·盖廷斯 / 陈志娟 / 2010-6 / 58.00元,《牛文案是怎样炼成的:广告文案写作八条潜规则》主要内容简介：课堂或广告公司都很少教授文案写作技巧，但它却是创造财富、推动新产品、甚或在竞选中获胜的法宝。但创... ,广告&广告文案&文案&创意&商业&心理学&设计&美国, 
https://book.douban.com/subject/1030127/,https://img1.doubanio.com/view/subject/s/public/s1339648.jpg,小预算大广告, ,7.1,25人,(美)塞斯亚.S.史密斯 / 新华出版社 / 2001-10 / 22.00,中小企业如何做广告、促销和公关每一位中小企业主都希望自己的每一分广告费都发挥最大效用。他们的广告和销售负责人更需要了解如何将广告和促销的功能发挥到极致。因此... ,广告&PR&公关&营销&经济学&日积月累－－我的藏书&美国,新华出版社
https://book.douban.com/subject/25728205/,https://img9.doubanio.com/view/subject/s/public/s27050405.jpg,残酷极简思维,怎样改变世界,6.2,170人,[英]M&amp;C萨奇 / btr / 重庆大学出版社 / 2013-9 / 48.00元,暂无,思维&设计&心理学（应用）&心理学&传播学&广告&楚尘文化&英国,重庆大学出版社
https://book.douban.com/subject/35650979/,https://img2.doubanio.com/view/subject/s/public/s34032812.jpg,生活方式,房地产的社会价值,暂无,少于10人,吴昊 / 广东经济出版社 / 2020-6 / 1000.00元,暂无,营销&广告&好书，值得一读,广东经济出版社
https://book.douban.com/subject/35052614/,https://img9.doubanio.com/view/subject/s/public/s33641636.jpg,信息流广告实战, ,6.5,28人,明学海 / 清华大学出版社 / 2020-3 / 79,近三年，信息流广告在数字营销领域呈现爆发式增长，市场空间迅速扩张。随着大数据和机器学习技术的快速发展，信息流广告的产品持续迭代，这对于运营服务人员来说既是机... ,广告&营销&工具书&产品经理&纸质书&清华大学出版社&中国,清华大学出版社
https://book.douban.com/subject/4149745/,https://img1.doubanio.com/view/subject/s/public/s4065287.jpg,從Brand到Icon，文化品牌行銷學,看世界頂尖企業如何創造神話、擦亮招牌,7.9,25人,道格拉斯 B. 霍特(Douglas B. Holt) / 楊琲琲、王承志 / 臉譜 / 2009/11/20 / NT360,暂无,品牌&营销&广告&战略&设计&culture&文案,臉譜
https://book.douban.com/subject/1037737/,https://img2.doubanio.com/view/subject/s/public/s1173522.jpg,如何做创意, ,7.6,168人,（美）劳伦斯・明斯基，爱米，爱米莉・桑顿・卡尔沃 / 钱锋 / 企业管理出版社 / 2000-10 / 29.60,暂无,广告&创意&营销&广告创意&设计&文案,企业管理出版社
https://book.douban.com/subject/4831661/,https://img9.doubanio.com/view/subject/s/public/s7003705.jpg,2008年坎城广告奖结案报告, ,9.1,13人,[台]赖治怡 / 小鱼广告网杂志 / 2009-6 / 335,2008年坎城广告奖结案报告480页（比07年多64页），全彩，内含伊藤直树专访，微软擒狮专案特别报导（高峰会，演讲内容摘录，创意营指导说明与Q&amp;A），与坎... ,广告&创意&文案&广告文案&设计&藝術&作品,小鱼广告网杂志
https://book.douban.com/subject/3766699/,https://img2.doubanio.com/view/subject/s/public/s3961993.jpg,凯洛格谈广告营销与媒体, ,暂无,少于10人,鲍比·J·卡德 / 2009-5 / 28.00元,《凯洛格谈广告营销与媒体》告诉你如何在今天的广告和媒体环境中与顾客沟通。如何更有效地利用广告和媒体是当前营销界中的头等问题。营销者逐渐从传统大众广告营销转向... ,营销&广告&传媒, 
https://book.douban.com/subject/1082355/,https://img9.doubanio.com/view/subject/s/public/s1333606.jpg,广告大师奥格威,未公诸于世的选集,7.9,406人,（美）大卫·奥格威 / 庄淑芬 / 机械工业出版社 / 2003-7-1 / 29.80元,《广告大师奥格威:未公诸于世的选集》汇集了作者多年来写给伙伴们的私人书信及备忘录，内容分为早年时期，便条、备忘录和书信，清单，演讲稿与报告，管理原则与企业文... ,广告&大卫·奥格威&营销&奥美&奥格威&设计&经典&思考,机械工业出版社
https://book.douban.com/subject/3125172/,https://img1.doubanio.com/view/subject/s/public/s5912279.jpg,广告创意教程,广告创意教程,暂无,少于10人,2008-5 / 49.00元,《中国高等院校美术教程:广告创意教程》课程从广告创意的概念开始，进而强调创造性思维在广告中的地位和意义，着重阐述广告创意的内涵、步骤、原则、表现方法和具体的... ,广告&创意&入门读物, 
https://book.douban.com/subject/1005499/,https://img1.doubanio.com/view/subject/s/public/s1003498.jpg,肥皂剧、性和香烟,美国广告200年经典范例,7.8,87人,[美] 朱丽安·西沃卡 / 周向民、田力男 / 光明日报出版社 / 1999-4 / 32.80元,这本书探讨的主题是广告如何反映社会和创造社会。在阐明美国广告发展历史的基础上，书中详细介绍了工业的高速发展如何使制造商生产出品种日益繁多的商品，而制造商又是... ,广告&美国&广告学&文化研究&专业书籍&文化&案例&营销,光明日报出版社
https://book.douban.com/subject/35067435/,https://img9.doubanio.com/view/subject/s/public/s33644224.jpg,品牌异化：高绩效品牌的差异化战略, ,8.1,36人,[美]马蒂·诺伊迈尔（Marty Neumeier） / 罗立彬、康路 / 机械工业出版社 / 2020-5 / 49,暂无,营销&品牌管理&品牌&设计理论&艺术设计&战略&广告&设计,机械工业出版社
https://book.douban.com/subject/3328335/,https://img2.doubanio.com/view/subject/s/public/s4428801.jpg,Art of Plain Talk, ,暂无,少于10人,Rudolf Flesch / HarperCollins / 2000-01 / USD 4.95,暂无,大卫·奥格威&写作&广告文案&传媒&沟通&广告&媒体&英语,HarperCollins
https://book.douban.com/subject/27089864/,https://img1.doubanio.com/view/subject/s/public/s29495967.jpg,逼人買到剁手指的77個文案促購技巧,抓住眼球、刺進要害、留在心上的廣告文案力,8.5,67人,川上徹也 / 涂綺芳 / 商業週刊 / 2017-2-16 / NT$320,暂无,文案&广告&营销&策划&销售&设计&创意&我想读这本书,商業週刊
https://book.douban.com/subject/1416650/,https://img9.doubanio.com/view/subject/s/public/s1688536.jpg,广告符码（中文版）, ,8.0,89人,杰哈利 / 马姗姗 / 中国人民大学出版社 / 2004-1 / 28.00元,本书从研究人与物的关系出发，结合哲学、经济学、传播学以及其他学科大量研究成果，说明了从古代社会到资本主义高度发达的消费社会里人与物的关系的演变过程。作者将媒... ,广告&传播学&符号学&文化研究&学术&传媒&资本主义&营销,中国人民大学出版社
https://book.douban.com/subject/1852664/,https://img9.doubanio.com/view/subject/s/public/s2413906.jpg,活动策划完全手册, ,7.2,456人,朱迪•艾伦 (Judy Allen) / 旅游教育出版社 / 2006-6-1 / 28.00元,对于活动策划者来说，活动没有“彩排”，只有“现场直播”!    活动策划者所策划和推出的任何活动——从最初的邀请到现场管理——都是所在公司形象的直接反映。无... ,活动策划&策划&营销&市场营销&工作&手册&广告,旅游教育出版社
https://book.douban.com/subject/2294740/,https://img9.doubanio.com/view/subject/s/public/s2751406.jpg,诚品副作用, ,7.6,4544人,李欣频 / 电子工业出版社 / 2007-10 / 39.80元,作家纷纷上电视节目打广告，广告人纷纷在广告上偷渡文学欲变成作家。李欣频的文案作品，就是广告文学化的典型例子。她用自己的思辨张力和另类美感，见证了台湾“诚品书... ,李欣频&文案&广告&创意&台湾&设计&中国台湾,电子工业出版社
https://book.douban.com/subject/5920214/,https://img1.doubanio.com/view/subject/s/public/s8895017.jpg,广告拜物教, ,7.5,375人,李欣频 / 电子工业 / 2011-1 / 49.80元,《广告拜物教(白金增修版)》是台湾文案天后李欣频的广告文案作品集，更是一本经得起阅读的小品文集。书中收录了作者12年来的广告文案作品，以独特的文字将恋物、时... ,广告&李欣频&文案&创意&广告学&台湾&文化&营销策划,电子工业
https://book.douban.com/subject/25744890/,https://img9.doubanio.com/view/subject/s/public/s27088424.jpg,广告的社会史, ,7.6,12人,[日] 山本武利 / 赵新利、陆丽君 / 北京大学出版社 / 2013-10 / 39.00,本书是日本著名传播学家山本武利的早期代表作，也是日本广告史研究领域的集大成之作，囊括了报纸和广告的诞生过程，详尽考察了从明治维新（1868年）到日本战败（1... ,广告&社会史&日本&历史&传播学&日本研究&society&culture,北京大学出版社
https://book.douban.com/subject/3068384/,https://img2.doubanio.com/view/subject/s/public/s3082132.jpg,小丰广告檄文选, ,7.5,39人,丰信东 / 2008-5出版 / 68,中国原创广告的意见领袖及实践家。无论是其以行业领军者身份所实践的广告作品和理论，还是其以网名罗大佐所发表的檄文短论，均拥有着强大而鲜活的民间生命力和专业影响... ,广告&广告文案&文案&创意,2008-5出版
https://book.douban.com/subject/24747492/,https://img1.doubanio.com/view/subject/s/public/s26741837.jpg,当代广告学, ,8.7,39人,［美］阿伦斯、［美］维戈尔德 / 丁俊杰、陈志娟、程坪 / 人民邮电出版社 / 2013-6-1 / 68.00元,这是一部源于美国畅销于全球的广告学教科书，自第一版始，先后被翻译成法语、西班牙语、俄语、韩语、汉语等多种文字出版发行，在美国、加拿大、欧洲、俄罗斯、韩国、有... ,广告&广告学&市场营销&营销&教科书&工作,人民邮电出版社
https://book.douban.com/subject/1146804/,https://img1.doubanio.com/view/subject/s/public/s1334918.jpg,创意宝.1, ,7.2,10人,刘欣欣 / 上海教育出版社 / 2004-1-1 / 22.00,刘欣欣说广告，《创意宝1》在手创意应有尽有。集天下广告奇案、怪案、巧案、妙案、绝案千余例！广告人放手创意无愁，聪明人放枕边乐趣无穷。 ,广告&创意&设计&艺术&新闻传播,上海教育出版社
https://book.douban.com/subject/34833993/,https://img3.doubanio.com/view/subject/s/public/s33485210.jpg,设计之门,艺术设计中的30条规则,7.1,19人,水口克夫 / 电子工业出版社 / 2019-9 / 69.90,像广告人用单词去表达一样，设计讲求“以画传心” 。? 设计，指将各种不同的主题通过平面或视觉形式展现出来的工作。正因如此，设计师需要能够灵活运用设计或视觉效... ,设计思维&艺术设计&设计&日本设计&广告&创意&平面设计,电子工业出版社
https://book.douban.com/subject/24295915/,https://img2.doubanio.com/view/subject/s/public/s26373652.jpg,美国是一个商标, ,8.1,35人,[加]卡勒•拉森 / 李婵 / 新星出版社 / 2013-3 / 28.00元,作者卡勒•拉森和他的“文化干扰者”伙伴们认为“美国不再是一个国家，而是一个价值千亿的商标。”作为《广告克星》杂志创建人，卡勒•拉森致力于用改变信息流的方式阻... ,美国&广告&美国研究&消费&商业&杂书&2013&经管,新星出版社
https://book.douban.com/subject/24318957/,https://img9.doubanio.com/view/subject/s/public/s27049215.jpg,广告设计10原则, ,6.9,37人,罗伯特·肖 / 宋逸伦 / 2013-5 / 45.00元,《广告设计10原则》检验了好广告所恪守的十大重要原则，向读者展示了怎样独自设计具有创造力、针对性强的广告。电视连续剧《广告狂人》的风靡引起了公众对广告公司和... ,广告&设计&艺术&社会学&b, 
https://book.douban.com/subject/1031663/,https://img9.doubanio.com/view/subject/s/public/s1216446.jpg,广告大师奥格威, ,8.2,215人,(美)奥格威 / 庄淑芬 / 生活·读书·新知三联书店 / 1996-11 / 8.00元,《广告大师奥格威:未公诸于世的选集》正如书名所说，这本集子里的东西都是过去没有发表过的奥格威的私人书信和备忘录，唯一不变的是作者的信念：广告不应该视为一种艺... ,广告&奥格威&营销&广告学&随笔&奥美&三联&美国,生活·读书·新知三联书店
https://book.douban.com/subject/25898481/,https://img2.doubanio.com/view/subject/s/public/s27295673.jpg,Postmodern Advertising in Japan,"Seduction, Visual Culture, and the Tokyo Art Directors Club",暂无,目前无人,Ory Bartal / Dartmouth / 2015-1-6 / USD 45.00,暂无,日本&广告,Dartmouth
https://book.douban.com/subject/35425549/,https://img3.doubanio.com/view/subject/s/public/s33869520.jpg,商户会营销, ,暂无,少于10人,吴钩 / 2021-3,暂无,宋朝&历史&广告, 
https://book.douban.com/subject/6736890/,https://img2.doubanio.com/view/subject/s/public/s6850802.jpg,广告创意概论, ,暂无,少于10人,刘建萍、陈思达 / 中国人民大学出版社 / 2011-7 / 39.80元,《广告创意概论》为“新传播时代广告学系列教材”之一，全书共九章，分别从理论、实务、实训等方面对广告创意进行了全面的梳理和解析，系统介绍了广告创意的基本理论、... ,广告&创意&视觉传达&平面设计,中国人民大学出版社
https://book.douban.com/subject/25917524/,https://img9.doubanio.com/view/subject/s/public/s28062185.jpg,创意笔记本4,企划书源于你的一张手写稿,8.6,69人,高桥宣行 / 曹逸冰 / 中信出版股份有限公司 / 2014-5-1 / CNY 32.00,在日本博报堂任职40多年的高桥宣行，总结了自己多年来的实战经验。全书分为5章，分别从企划书要具备的“三个发现”、当今社会需要的“企划”、企划必不可缺的原理和... ,策划&创意&思维&营销&广告&笔记&日本&管理,中信出版股份有限公司
https://book.douban.com/subject/2047482/,https://img2.doubanio.com/view/subject/s/public/s8955652.jpg,中国广告图史, ,8.0,66人,黄升民 / 南方日报出版社 / 2006-11 / 336.00元,本次“中国广告图史”研究力争在消化和吸收原有研究成果的基础上，在形象性、系统性、科学性、完整性和前瞻性等五个方面有所突破，积极推进广告学理论的创新。本次研究... ,广告&广告学&传媒&历史&考研&中国&design,南方日报出版社
https://book.douban.com/subject/25926143/,https://img9.doubanio.com/view/subject/s/public/s27323324.jpg,會說故事，讓世界聽你的,說一個動人故事，勝過跳針長篇大論！,9.8,27人,盧建彰 / 三采文化出版事業有限公司 / 2014-5-2 / NT$350,暂无,广告&故事&创意&文案&方法论&文字&设计&想读，一定很精彩！,三采文化出版事業有限公司
https://book.douban.com/subject/26963452/,https://img1.doubanio.com/view/subject/s/public/s29310218.jpg,日本最創意！博報堂的新人培訓課, ,8.7,45人,[日]高橋宣行 / 2016-10-1,暂无,广告&创意&文案&日本&思维&台版&藏书, 
https://book.douban.com/subject/3271678/,https://img9.doubanio.com/view/subject/s/public/s3599325.jpg,奧美創意解密, ,6.7,47人,余宜芳 / 天下文化 / 2008/10/31 / NT$237,暂无,创意&广告&奥美&营销&设计&台湾,天下文化
https://book.douban.com/subject/30329536/,https://img2.doubanio.com/view/subject/s/public/s29872642.jpg,数据密集型应用系统设计, ,9.7,1033人,Martin Kleppmann / 赵军平、李三平、吕云松、耿煜 / 中国电力出版社 / 2018-9-1 / 128,暂无,分布式系统&计算机&分布式&架构&计算机科学&数据库&大数据&数据,中国电力出版社
